Pond,Date,Effort,Quantity,Area,Canopy,Fish,hydroperiod,year,HabTotal,dense.peak
0.002,3/11/2012,12,57,391,8.1875,N,4,y12,4,0
0.002,5/16/2012,6,14,391,8.1875,N,4,y12,4,1
0.002,3/12/2012,6,50,391,8.1875,N,4,y12,4,0
0.002,5/18/2012,12,28,391,8.1875,N,4,y12,4,1
0.002,3/10/2012,12,79,391,8.1875,N,4,y12,4,0
0.002,6/14/2013,5,31,391,8.1875,N,4,y13,4,0
0.002,3/9/2012,6,28,391,8.1875,N,4,y12,4,0
0.002,3/9/2013,5,42,391,8.1875,N,4,y13,4,0
0.002,6/13/2013,10,55,391,8.1875,N,4,y13,4,0
0.002,3/7/2013,5,13,391,8.1875,N,4,y13,4,1
0.002,3/10/2013,5,56,391,8.1875,N,4,y13,4,0
0.002,3/8/2013,10,41,391,8.1875,N,4,y13,4,0
0.002,5/17/2012,10,22,391,8.1875,N,4,y12,4,1
0.002,6/11/2013,5,22,391,8.1875,N,4,y13,4,0
0.002,2/28/2013,5,10,391,8.1875,N,4,y13,4,1
0.002,5/19/2012,6,25,391,8.1875,N,4,y12,4,0
0.002,6/12/2013,10,34,391,8.1875,N,4,y13,4,1
0.002A,3/9/2012,2,3,24,44.625,N,2,y12,0,1
0.002A,3/9/2013,2,12,24,44.625,N,2,y13,0,0
0.002A,3/11/2012,3,15,24,44.625,N,2,y12,0,0
0.002A,6/14/2013,2,42,24,44.625,N,2,y13,0,0
0.002A,3/12/2012,1,10,24,44.625,N,2,y12,0,0
0.002A,6/12/2013,4,104,24,44.625,N,2,y13,0,0
0.002A,3/10/2013,2,36,24,44.625,N,2,y13,0,0
0.002A,6/11/2013,2,29,24,44.625,N,2,y13,0,0
0.002A,6/13/2013,4,150,24,44.625,N,2,y13,0,0
0.002A,2/28/2013,2,0,24,44.625,N,2,y13,0,0
0.002A,3/10/2012,3,18,24,44.625,N,2,y12,0,0
0.002A,3/8/2013,4,1,24,44.625,N,2,y13,0,0
0.002A,3/7/2013,2,0,24,44.625,N,2,y13,0,0
0.003,3/19/2013,14,1,161,91.4375,N,1,y13,1,0
0.003,3/21/2013,7,2,161,91.4375,N,1,y13,1,0
0.003,2/26/2012,8,15,161,91.4375,N,1,y12,1,1
0.003,3/18/2013,7,0,161,91.4375,N,1,y13,1,0
0.003,3/20/2013,14,6,161,91.4375,N,1,y13,1,0
0.003,2/25/2012,8,10,161,91.4375,N,1,y12,1,0
0.003,2/27/2012,8,12,161,91.4375,N,1,y12,1,1
10,5/25/2012,4,4,448,54.8125,N,4,y12,3,0
10,3/21/2013,5,3,448,54.8125,N,4,y13,3,0
10,5/27/2012,8,15,448,54.8125,N,4,y12,3,1
10,5/29/2013,8,14,448,54.8125,N,4,y13,3,1
10,5/28/2013,8,11,448,54.8125,N,4,y13,3,0
10,2/26/2012,8,13,448,54.8125,N,4,y12,3,1
10,2/25/2012,8,9,448,54.8125,N,4,y12,3,0
10,3/20/2013,10,64,448,54.8125,N,4,y13,3,0
10,5/27/2013,4,2,448,54.8125,N,4,y13,3,0
10,3/18/2013,5,0,448,54.8125,N,4,y13,3,0
10,2/27/2012,8,8,448,54.8125,N,4,y12,3,0
10,3/19/2013,10,5,448,54.8125,N,4,y13,3,0
10,5/30/2013,4,10,448,54.8125,N,4,y13,3,1
10,5/26/2012,8,16,448,54.8125,N,4,y12,3,1
10,5/28/2012,4,10,448,54.8125,N,4,y12,3,1
103,6/14/2013,2,3,24,90.625,N,1,y13,1,1
103,6/13/2013,4,4,24,90.625,N,1,y13,1,0
103,3/8/2013,4,9,24,90.625,N,1,y13,1,1
103,3/10/2012,2,13,24,90.625,N,1,y12,1,0
103,3/10/2013,2,32,24,90.625,N,1,y13,1,0
103,3/9/2012,1,3,24,90.625,N,1,y12,1,1
103,3/11/2012,2,17,24,90.625,N,1,y12,1,0
103,3/12/2012,1,18,24,90.625,N,1,y12,1,0
103,6/12/2013,4,4,24,90.625,N,1,y13,1,0
103,3/9/2013,4,6,24,90.625,N,1,y13,1,1
103,6/11/2013,2,1,24,90.625,N,1,y13,1,0
103,3/7/2013,2,1,24,90.625,N,1,y13,1,0
103A,3/10/2013,2,20,24,92.25,N,2,y13,0,0
103A,6/14/2013,2,10,24,92.25,N,2,y13,0,0
103A,3/8/2013,4,7,24,92.25,N,2,y13,0,1
103A,6/13/2013,4,16,24,92.25,N,2,y13,0,0
103A,3/7/2013,2,0,24,92.25,N,2,y13,0,0
103A,3/9/2012,1,13,24,92.25,N,2,y12,0,0
103A,3/12/2012,1,42,24,92.25,N,2,y12,0,0
103A,3/11/2012,2,7,24,92.25,N,2,y12,0,1
103A,6/12/2013,4,14,24,92.25,N,2,y13,0,1
103A,3/10/2012,2,14,24,92.25,N,2,y12,0,0
103A,3/9/2013,4,7,24,92.25,N,2,y13,0,1
103A,6/11/2013,2,2,24,92.25,N,2,y13,0,0
103B,6/14/2013,2,2,18,73.5625,N,2,y13,1,0
103B,6/13/2013,4,4,18,73.5625,N,2,y13,1,0
103B,3/9/2013,2,0,18,73.5625,N,2,y13,1,0
103B,6/12/2013,4,5,18,73.5625,N,2,y13,1,0
103B,3/29/2013,2,0,18,73.5625,N,2,y13,1,0
103B,3/30/2013,4,8,18,73.5625,N,2,y13,1,1
103B,3/31/2013,2,0,18,73.5625,N,2,y13,1,0
103B,4/1/2013,2,1,18,73.5625,N,2,y13,1,0
103C,3/31/2013,2,19,30,56.0625,N,2,y13,2,0
103C,3/29/2013,2,5,30,56.0625,N,2,y13,2,1
103C,3/30/2013,4,95,30,56.0625,N,2,y13,2,0
103C,4/1/2013,2,11,30,56.0625,N,2,y13,2,0
103C,6/13/2013,4,7,30,56.0625,N,2,y13,2,1
103C,6/12/2013,4,7,30,56.0625,N,2,y13,2,1
103C,6/14/2013,2,8,30,56.0625,N,2,y13,2,0
103C,3/9/2013,2,0,30,56.0625,N,2,y13,2,0
103C,6/11/2013,2,2,30,56.0625,N,2,y13,2,0
103D,3/30/2013,4,17,24,65.375,N,2,y13,2,0
103D,6/14/2013,2,19,24,65.375,N,2,y13,2,0
103D,3/31/2013,2,10,24,65.375,N,2,y13,2,0
103D,4/1/2013,2,49,24,65.375,N,2,y13,2,0
103D,6/12/2013,4,44,24,65.375,N,2,y13,2,0
103D,6/13/2013,4,26,24,65.375,N,2,y13,2,0
103D,3/29/2013,2,0,24,65.375,N,2,y13,2,0
103D,3/9/2013,2,1,24,65.375,N,2,y13,2,0
103D,6/11/2013,2,24,24,65.375,N,2,y13,2,0
104,5/23/2013,8,57,2205,29.875,N,4,y13,4,0
104,3/10/2013,8,108,2205,29.875,N,4,y13,4,0
104,5/25/2013,16,106,2205,29.875,N,4,y13,4,0
104,5/26/2013,8,44,2205,29.875,N,4,y13,4,0
104,3/7/2013,8,9,2205,29.875,N,4,y13,4,0
104,3/4/2012,14,106,2205,29.875,N,4,y12,4,0
104,5/27/2012,14,45,2205,29.875,N,4,y12,4,0
104,3/9/2013,16,241,2205,29.875,N,4,y13,4,0
104,5/25/2012,7,21,2205,29.875,N,4,y12,4,0
104,5/28/2012,7,23,2205,29.875,N,4,y12,4,0
104,3/5/2012,14,80,2205,29.875,N,4,y12,4,0
104,3/3/2012,14,95,2205,29.875,N,4,y12,4,0
104,3/8/2013,16,191,2205,29.875,N,4,y13,4,0
104,5/26/2012,14,54,2205,29.875,N,4,y12,4,0
104,5/24/2013,16,116,2205,29.875,N,4,y13,4,0
105,5/26/2013,8,19,3240,2.0625,N,4,y13,2,0
105,4/1/2013,9,29,3240,2.0625,N,4,y13,2,0
105,5/14/2012,8,24,3240,2.0625,N,4,y12,2,0
105,3/30/2013,18,56,3240,2.0625,N,4,y13,2,0
105,5/23/2013,8,3,3240,2.0625,N,4,y13,2,0
105,3/29/2013,9,2,3240,2.0625,N,4,y13,2,0
105,5/24/2013,16,26,3240,2.0625,N,4,y13,2,0
105,3/31/2013,18,27,3240,2.0625,N,4,y13,2,0
105,5/25/2013,16,17,3240,2.0625,N,4,y13,2,0
105,5/12/2012,16,53,3240,2.0625,N,4,y12,2,0
105,5/13/2012,16,58,3240,2.0625,N,4,y12,2,0
105,2/20/2012,16,27,3240,2.0625,N,4,y12,2,0
105,5/11/2012,8,45,3240,2.0625,N,4,y12,2,0
105,2/18/2012,16,35,3240,2.0625,N,4,y12,2,0
105,2/19/2012,16,20,3240,2.0625,N,4,y12,2,0
11,3/9/2012,6,59,253,35.375,N,4,y12,4,0
11,6/12/2013,10,61,253,35.375,N,4,y13,4,0
11,5/17/2012,12,40,253,35.375,N,4,y12,4,1
11,5/19/2012,6,19,253,35.375,N,4,y12,4,1
11,3/11/2012,12,136,253,35.375,N,4,y12,4,0
11,3/12/2012,6,60,253,35.375,N,4,y12,4,0
11,3/10/2012,12,113,253,35.375,N,4,y12,4,0
11,6/11/2013,5,26,253,35.375,N,4,y13,4,0
11,3/7/2013,6,18,253,35.375,N,4,y13,4,1
11,6/13/2013,10,43,253,35.375,N,4,y13,4,0
11,3/9/2013,10,118,253,35.375,N,4,y13,4,0
11,5/18/2012,14,52,253,35.375,N,4,y12,4,1
11,3/8/2013,10,68,253,35.375,N,4,y13,4,0
11,3/10/2013,5,126,253,35.375,N,4,y13,4,0
11,6/14/2013,5,57,253,35.375,N,4,y13,4,0
11,5/16/2012,6,18,253,35.375,N,4,y12,4,1
110,3/3/2012,8,8,160,0.125,N,3,y12,3,0
110,3/4/2012,8,8,160,0.125,N,3,y12,3,0
110,3/28/2013,8,10,160,0.125,N,3,y13,3,0
110,5/29/2013,14,18,160,0.125,N,3,y13,3,0
110,3/5/2012,8,9,160,0.125,N,3,y12,3,0
110,3/27/2013,8,7,160,0.125,N,3,y13,3,0
110,5/28/2013,14,30,160,0.125,N,3,y13,3,1
110,5/30/2013,14,16,160,0.125,N,3,y13,3,0
110,3/26/2013,8,1,160,0.125,N,3,y13,3,0
111,6/3/2013,7,17,756,35.3125,N,4,y13,3,1
111,5/31/2013,7,15,756,35.3125,N,4,y13,3,1
111,6/2/2013,14,31,756,35.3125,N,4,y13,3,1
111,3/31/2013,12,20,756,35.3125,N,4,y13,3,1
111,5/27/2012,12,28,756,35.3125,N,4,y12,3,1
111,5/25/2012,6,17,756,35.3125,N,4,y12,3,1
111,2/18/2012,14,60,756,35.3125,N,4,y12,3,0
111,6/1/2013,14,19,756,35.3125,N,4,y13,3,0
111,5/26/2012,12,41,756,35.3125,N,4,y12,3,1
111,2/19/2012,14,53,756,35.3125,N,4,y12,3,1
111,3/29/2013,6,0,756,35.3125,N,4,y13,3,0
111,3/30/2013,12,22,756,35.3125,N,4,y13,3,1
111,2/20/2012,14,59,756,35.3125,N,4,y12,3,0
111,5/28/2012,6,8,756,35.3125,N,4,y12,3,0
111,4/1/2013,6,31,756,35.3125,N,4,y13,3,0
112,3/9/2012,3,8,27,75.0625,N,3,y12,1,1
112,3/10/2012,6,29,27,75.0625,N,3,y12,1,0
112,3/11/2012,6,27,27,75.0625,N,3,y12,1,0
112,3/12/2012,3,39,27,75.0625,N,3,y12,1,0
112,5/17/2012,4,42,27,75.0625,N,3,y12,1,0
112,6/11/2013,2,22,27,75.0625,N,3,y13,1,0
112,5/19/2012,4,56,27,75.0625,N,3,y12,1,0
112,3/9/2013,6,29,27,75.0625,N,3,y13,1,0
112,6/13/2013,4,41,27,75.0625,N,3,y13,1,0
112,5/18/2012,4,36,27,75.0625,N,3,y12,1,0
112,3/7/2013,3,3,27,75.0625,N,3,y13,1,0
112,3/10/2013,3,60,27,75.0625,N,3,y13,1,0
112,3/8/2013,6,7,27,75.0625,N,3,y13,1,0
112,6/14/2013,2,35,27,75.0625,N,3,y13,1,0
112,6/12/2013,4,50,27,75.0625,N,3,y13,1,0
120,5/23/2013,2,50,399,3.6875,N,2,y13,1,0
120,3/3/2012,10,94,399,3.6875,N,2,y12,1,0
120,3/10/2013,6,56,399,3.6875,N,2,y13,1,0
120,3/8/2013,12,8,399,3.6875,N,2,y13,1,0
120,3/5/2012,10,108,399,3.6875,N,2,y12,1,0
120,3/7/2013,6,0,399,3.6875,N,2,y13,1,0
120,3/4/2012,10,80,399,3.6875,N,2,y12,1,0
120,3/9/2013,12,17,399,3.6875,N,2,y13,1,0
122,3/5/2012,8,64,210,80.875,N,4,y12,2,0
122,5/28/2012,4,45,210,80.875,N,4,y12,2,0
122,3/10/2013,5,78,210,80.875,N,4,y13,2,0
122,5/27/2012,8,56,210,80.875,N,4,y12,2,0
122,5/25/2013,10,100,210,80.875,N,4,y13,2,0
122,5/23/2013,5,52,210,80.875,N,4,y13,2,0
122,3/8/2013,10,17,210,80.875,N,4,y13,2,1
122,3/4/2012,8,23,210,80.875,N,4,y12,2,1
122,5/26/2013,5,39,210,80.875,N,4,y13,2,0
122,3/7/2013,5,11,210,80.875,N,4,y13,2,1
122,3/9/2013,10,18,210,80.875,N,4,y13,2,1
122,3/3/2012,8,40,210,80.875,N,4,y12,2,0
122,5/24/2013,10,120,210,80.875,N,4,y13,2,0
122,5/26/2012,8,56,210,80.875,N,4,y12,2,0
122,5/25/2012,4,38,210,80.875,N,4,y12,2,0
126,3/7/2013,7,0,494,15.25,N,4,y13,5,0
126,5/23/2013,7,6,494,15.25,N,4,y13,5,0
126,5/26/2013,7,61,494,15.25,N,4,y13,5,0
126,5/24/2013,14,11,494,15.25,N,4,y13,5,0
126,5/27/2012,12,34,494,15.25,N,4,y12,5,1
126,5/25/2013,14,18,494,15.25,N,4,y13,5,0
126,3/10/2013,7,18,494,15.25,N,4,y13,5,1
126,3/9/2013,14,18,494,15.25,N,4,y13,5,0
126,3/8/2013,14,46,494,15.25,N,4,y13,5,1
126,5/25/2012,6,15,494,15.25,N,4,y12,5,1
126,3/5/2012,14,52,494,15.25,N,4,y12,5,1
126,3/4/2012,14,43,494,15.25,N,4,y12,5,1
126,5/26/2012,12,30,494,15.25,N,4,y12,5,1
126,5/28/2012,6,34,494,15.25,N,4,y12,5,0
126,3/3/2012,14,39,494,15.25,N,4,y12,5,1
127,3/8/2013,4,20,60,80.6875,N,3,y13,3,0
127,5/24/2013,6,69,60,80.6875,N,3,y13,3,0
127,5/25/2013,6,81,60,80.6875,N,3,y13,3,0
127,3/4/2012,4,34,60,80.6875,N,3,y12,3,0
127,3/3/2012,4,23,60,80.6875,N,3,y12,3,0
127,3/9/2013,4,15,60,80.6875,N,3,y13,3,1
127,5/26/2012,2,13,60,80.6875,N,3,y12,3,0
127,5/26/2013,3,46,60,80.6875,N,3,y13,3,0
127,3/5/2012,4,46,60,80.6875,N,3,y12,3,0
127,5/23/2013,3,23,60,80.6875,N,3,y13,3,0
127,3/7/2013,3,2,60,80.6875,N,3,y13,3,0
127,3/10/2013,2,103,60,80.6875,N,3,y13,3,0
127,5/25/2012,2,12,60,80.6875,N,3,y12,3,0
147A,2/18/2012,4,11,40,NA,NA,NA,y12,1,1
147A,2/19/2012,4,8,40,NA,NA,NA,y12,1,1
147A,2/20/2012,4,13,40,NA,NA,NA,y12,1,1
147C,2/18/2012,2,2,40,NA,NA,NA,y12,1,0
147C,2/20/2012,2,2,40,NA,NA,NA,y12,1,0
147C,2/19/2012,2,2,40,NA,NA,NA,y12,1,0
149,2/26/2012,17,108,3388,84,Y,4,y12,1,0
149,3/16/2013,18,165,3388,84,Y,4,y13,1,0
149,5/22/2012,18,18,3388,84,Y,4,y12,1,0
149,5/23/2012,9,9,3388,84,Y,4,y12,1,0
149,2/24/2012,9,11,3388,84,Y,4,y12,1,0
149,5/20/2012,9,9,3388,84,Y,4,y12,1,0
149,6/17/2013,18,5,3388,84,Y,4,y13,1,0
149,2/27/2012,9,213,3388,84,Y,4,y12,1,0
149,3/14/2013,9,91,3388,84,Y,4,y13,1,0
149,3/17/2013,9,73,3388,84,Y,4,y13,1,0
149,2/25/2012,16,180,3388,84,Y,4,y12,1,0
149,6/15/2013,9,0,3388,84,Y,4,y13,1,0
149,6/18/2013,9,2,3388,84,Y,4,y13,1,0
149,6/16/2013,18,7,3388,84,Y,4,y13,1,0
149,3/15/2013,18,770,3388,84,Y,4,y13,1,0
149,5/21/2012,18,20,3388,84,Y,4,y12,1,0
152,6/2/2013,8,49,110,62.625,N,3,y13,1,0
152,5/31/2013,4,32,110,62.625,N,3,y13,1,0
152,3/10/2012,6,88,110,62.625,N,3,y12,1,0
152,5/18/2012,4,81,110,62.625,N,3,y12,1,0
152,6/3/2013,4,24,110,62.625,N,3,y13,1,0
152,3/7/2013,5,12,110,62.625,N,3,y13,1,1
152,3/10/2013,4,71,110,62.625,N,3,y13,1,0
152,5/17/2012,4,124,110,62.625,N,3,y12,1,0
152,3/12/2012,3,51,110,62.625,N,3,y12,1,0
152,5/19/2012,4,82,110,62.625,N,3,y12,1,0
152,3/11/2012,6,73,110,62.625,N,3,y12,1,0
152,3/9/2012,3,21,110,62.625,N,3,y12,1,0
152,3/9/2013,8,47,110,62.625,N,3,y13,1,0
152,6/1/2013,8,65,110,62.625,N,3,y13,1,0
152,3/8/2013,8,48,110,62.625,N,3,y13,1,0
156,3/11/2012,40,60,25900,23.25,Y,4,y12,4,0
156,5/16/2012,20,20,25900,23.25,Y,4,y12,4,0
156,5/28/2013,40,1,25900,23.25,Y,4,y13,4,0
156,3/12/2012,20,45,25900,23.25,Y,4,y12,4,0
156,3/26/2013,40,6,25900,23.25,Y,4,y13,4,0
156,3/28/2013,40,13,25900,23.25,Y,4,y13,4,0
156,5/17/2012,38,38,25900,23.25,Y,4,y12,4,0
156,3/9/2012,20,22,25900,23.25,Y,4,y12,4,0
156,5/29/2013,40,2,25900,23.25,Y,4,y13,4,0
156,3/27/2013,40,6,25900,23.25,Y,4,y13,4,0
156,5/30/2013,40,2,25900,23.25,Y,4,y13,4,0
156,5/18/2012,39,70,25900,23.25,Y,4,y12,4,0
156,5/19/2012,20,36,25900,23.25,Y,4,y12,4,0
156,3/10/2012,40,72,25900,23.25,Y,4,y12,4,0
156A,3/26/2013,8,0,220,66.375,Y,1,y13,1,0
156A,3/12/2012,3,3,220,66.375,Y,1,y12,1,0
156A,3/11/2012,6,12,220,66.375,Y,1,y12,1,1
156A,3/28/2013,8,4,220,66.375,Y,1,y13,1,0
156A,3/27/2013,8,6,220,66.375,Y,1,y13,1,0
156A,3/10/2012,3,3,220,66.375,Y,1,y12,1,0
157,5/29/2013,12,0,961,52.3125,Y,4,y13,3,0
157,5/27/2013,6,0,961,52.3125,Y,4,y13,3,0
157,5/26/2012,14,14,961,52.3125,Y,4,y12,3,0
157,3/21/2013,7,0,961,52.3125,Y,4,y13,3,0
157,3/20/2013,14,0,961,52.3125,Y,4,y13,3,0
157,5/28/2012,7,7,961,52.3125,Y,4,y12,3,0
157,2/26/2012,14,14,961,52.3125,Y,4,y12,3,0
157,5/27/2012,14,14,961,52.3125,Y,4,y12,3,0
157,3/19/2013,14,0,961,52.3125,Y,4,y13,3,0
157,2/27/2012,14,14,961,52.3125,Y,4,y12,3,0
157,5/30/2013,6,0,961,52.3125,Y,4,y13,3,0
157,5/28/2013,12,0,961,52.3125,Y,4,y13,3,0
157,3/18/2013,7,0,961,52.3125,Y,4,y13,3,0
157,5/25/2012,7,7,961,52.3125,Y,4,y12,3,0
157,2/25/2012,14,14,961,52.3125,Y,4,y12,3,0
160,5/26/2013,20,4,48200,8.8125,Y,4,y13,6,0
160,5/12/2012,20,22,48200,8.8125,Y,4,y12,6,0
160,2/20/2012,37,39,48200,8.8125,Y,4,y12,6,0
160,5/24/2013,40,3,48200,8.8125,Y,4,y13,6,0
160,2/18/2012,40,46,48200,8.8125,Y,4,y12,6,0
160,3/31/2013,40,5,48200,8.8125,Y,4,y13,6,0
160,5/23/2013,20,0,48200,8.8125,Y,4,y13,6,0
160,3/29/2013,20,0,48200,8.8125,Y,4,y13,6,0
160,5/14/2012,40,49,48200,8.8125,Y,4,y12,6,0
160,5/15/2012,20,26,48200,8.8125,Y,4,y12,6,0
160,4/1/2013,20,3,48200,8.8125,Y,4,y13,6,0
160,3/30/2013,40,1,48200,8.8125,Y,4,y13,6,0
160,5/13/2012,40,45,48200,8.8125,Y,4,y12,6,0
160,2/19/2012,40,45,48200,8.8125,Y,4,y12,6,0
160,5/25/2013,40,1,48200,8.8125,Y,4,y13,6,0
186,6/16/2013,16,80,1850,13.8125,N,4,y13,3,0
186,6/15/2013,8,61,1850,13.8125,N,4,y13,3,0
186,3/14/2013,8,2,1850,13.8125,N,4,y13,3,0
186,2/26/2012,16,76,1850,13.8125,N,4,y12,3,0
186,5/22/2012,16,63,1850,13.8125,N,4,y12,3,1
186,2/24/2012,8,23,1850,13.8125,N,4,y12,3,1
186,3/17/2013,8,48,1850,13.8125,N,4,y13,3,0
186,2/25/2012,16,63,1850,13.8125,N,4,y12,3,1
186,5/23/2012,8,32,1850,13.8125,N,4,y12,3,0
186,3/15/2013,16,49,1850,13.8125,N,4,y13,3,1
186,2/27/2012,8,80,1850,13.8125,N,4,y12,3,0
186,6/18/2013,8,49,1850,13.8125,N,4,y13,3,0
186,5/20/2012,8,34,1850,13.8125,N,4,y12,3,0
186,6/17/2013,16,60,1850,13.8125,N,4,y13,3,1
186,3/16/2013,16,53,1850,13.8125,N,4,y13,3,1
186,5/21/2012,16,89,1850,13.8125,N,4,y12,3,0
195,5/30/2013,14,2,1485,12.8125,N,4,y13,3,0
195,3/11/2012,16,22,1485,12.8125,N,4,y12,3,0
195,3/26/2013,10,5,1485,12.8125,N,4,y13,3,0
195,3/28/2013,12,5,1485,12.8125,N,4,y13,3,0
195,5/18/2012,16,17,1485,12.8125,N,4,y12,3,0
195,5/28/2013,10,3,1485,12.8125,N,4,y13,3,0
195,3/9/2012,8,9,1485,12.8125,N,4,y12,3,0
195,3/10/2012,16,25,1485,12.8125,N,4,y12,3,1
195,5/19/2012,8,8,1485,12.8125,N,4,y12,3,0
195,3/12/2012,8,19,1485,12.8125,N,4,y12,3,1
195,3/27/2013,12,13,1485,12.8125,N,4,y13,3,0
195,5/16/2012,8,10,1485,12.8125,N,4,y12,3,0
195,5/29/2013,14,2,1485,12.8125,N,4,y13,3,0
195,5/17/2012,16,17,1485,12.8125,N,4,y12,3,0
196,5/17/2012,12,31,1575,50.4375,N,4,y12,3,1
196,5/29/2013,12,1,1575,50.4375,N,4,y13,3,0
196,3/11/2012,12,18,1575,50.4375,N,4,y12,3,1
196,3/10/2012,12,26,1575,50.4375,N,4,y12,3,1
196,5/19/2012,6,15,1575,50.4375,N,4,y12,3,1
196,3/12/2012,6,14,1575,50.4375,N,4,y12,3,1
196,5/30/2013,12,0,1575,50.4375,N,4,y13,3,0
196,3/28/2013,12,31,1575,50.4375,N,4,y13,3,1
196,3/9/2012,6,6,1575,50.4375,N,4,y12,3,0
196,3/26/2013,12,6,1575,50.4375,N,4,y13,3,0
196,3/27/2013,12,4,1575,50.4375,N,4,y13,3,0
196,5/16/2012,6,12,1575,50.4375,N,4,y12,3,1
196,5/28/2013,12,0,1575,50.4375,N,4,y13,3,0
196,5/18/2012,12,23,1575,50.4375,N,4,y12,3,1
198,3/20/2013,14,13,1080,32.4375,Y,4,y13,2,0
198,5/28/2012,7,7,1080,32.4375,Y,4,y12,2,0
198,5/26/2012,14,15,1080,32.4375,Y,4,y12,2,0
198,3/18/2013,7,7,1080,32.4375,Y,4,y13,2,0
198,5/28/2013,16,1,1080,32.4375,Y,4,y13,2,0
198,5/29/2013,16,1,1080,32.4375,Y,4,y13,2,0
198,5/25/2012,7,7,1080,32.4375,Y,4,y12,2,0
198,5/30/2013,8,1,1080,32.4375,Y,4,y13,2,0
198,2/26/2012,14,27,1080,32.4375,Y,4,y12,2,1
198,3/19/2013,14,17,1080,32.4375,Y,4,y13,2,0
198,5/27/2013,8,0,1080,32.4375,Y,4,y13,2,0
198,2/25/2012,14,28,1080,32.4375,Y,4,y12,2,1
198,5/27/2012,14,15,1080,32.4375,Y,4,y12,2,0
198,3/21/2013,7,5,1080,32.4375,Y,4,y13,2,0
198,2/27/2012,14,169,1080,32.4375,Y,4,y12,2,0
200,5/26/2012,4,34,434,75.375,N,4,y12,3,0
200,2/20/2012,10,73,434,75.375,N,4,y12,3,0
200,5/28/2012,2,19,434,75.375,N,4,y12,3,0
200,2/18/2012,10,53,434,75.375,N,4,y12,3,0
200,2/19/2012,10,38,434,75.375,N,4,y12,3,1
200,5/27/2012,4,52,434,75.375,N,4,y12,3,0
200,6/1/2013,10,44,434,75.375,N,4,y13,3,0
200,3/31/2013,10,11,434,75.375,N,4,y13,3,0
200,5/25/2012,2,10,434,75.375,N,4,y12,3,0
200,3/30/2013,10,27,434,75.375,N,4,y13,3,1
200,4/1/2013,5,25,434,75.375,N,4,y13,3,0
200,5/31/2013,5,12,434,75.375,N,4,y13,3,1
200,6/2/2013,10,44,434,75.375,N,4,y13,3,0
200,3/29/2013,5,5,434,75.375,N,4,y13,3,0
200,6/3/2013,5,9,434,75.375,N,4,y13,3,1
200A,5/31/2013,2,0,33,73.8125,N,1,y13,1,0
200A,3/31/2013,4,1,33,73.8125,N,1,y13,1,0
200A,3/29/2013,2,0,33,73.8125,N,1,y13,1,0
200A,4/1/2013,2,1,33,73.8125,N,1,y13,1,0
200A,6/1/2013,4,0,33,73.8125,N,1,y13,1,0
200A,3/30/2013,4,1,33,73.8125,N,1,y13,1,0
200A,6/3/2013,2,0,33,73.8125,N,1,y13,1,0
200B,3/29/2013,2,1,24,52.75,N,2,y13,1,0
200B,5/31/2013,2,0,24,52.75,N,2,y13,1,0
200B,4/1/2013,2,15,24,52.75,N,2,y13,1,0
200B,3/31/2013,4,32,24,52.75,N,2,y13,1,0
200B,6/2/2013,4,0,24,52.75,N,2,y13,1,0
200B,6/3/2013,2,0,24,52.75,N,2,y13,1,0
200B,3/30/2013,4,48,24,52.75,N,2,y13,1,0
200B,6/1/2013,4,0,24,52.75,N,2,y13,1,0
201,5/29/2013,12,2,1036,27.375,N,4,y13,4,0
201,5/30/2013,12,2,1036,27.375,N,4,y13,4,0
201,3/5/2012,7,8,1036,27.375,N,4,y12,4,0
201,3/27/2013,14,1,1036,27.375,N,4,y13,4,0
201,3/2/2012,14,15,1036,27.375,N,4,y12,4,0
201,3/26/2013,14,0,1036,27.375,N,4,y13,4,0
201,3/4/2012,14,14,1036,27.375,N,4,y12,4,0
201,5/14/2012,7,13,1036,27.375,N,4,y12,4,1
201,5/12/2012,14,17,1036,27.375,N,4,y12,4,0
201,5/11/2012,7,7,1036,27.375,N,4,y12,4,0
201,3/3/2012,14,15,1036,27.375,N,4,y12,4,0
201,3/28/2013,14,1,1036,27.375,N,4,y13,4,0
201,5/13/2012,14,21,1036,27.375,N,4,y12,4,1
201,5/28/2013,12,5,1036,27.375,N,4,y13,4,0
202,5/19/2012,8,12,924,78.125,N,4,y12,3,1
202,5/16/2012,8,9,924,78.125,N,4,y12,3,0
202,3/12/2012,8,15,924,78.125,N,4,y12,3,1
202,5/17/2012,16,19,924,78.125,N,4,y12,3,0
202,3/10/2012,16,20,924,78.125,N,4,y12,3,0
202,6/6/2013,7,8,924,78.125,N,4,y13,3,0
202,5/18/2012,16,23,924,78.125,N,4,y12,3,0
202,3/11/2012,16,20,924,78.125,N,4,y12,3,0
202,6/5/2013,14,20,924,78.125,N,4,y13,3,0
202,3/26/2013,14,1,924,78.125,N,4,y13,3,0
202,6/4/2013,14,15,924,78.125,N,4,y13,3,0
202,6/3/2013,7,2,924,78.125,N,4,y13,3,0
202,3/9/2012,8,9,924,78.125,N,4,y12,3,0
202,3/27/2013,14,3,924,78.125,N,4,y13,3,0
202,3/28/2013,14,5,924,78.125,N,4,y13,3,0
203,3/28/2013,18,13,2520,62.75,Y,4,y13,6,0
203,6/6/2013,8,10,2520,62.75,Y,4,y13,6,0
203,6/5/2013,16,10,2520,62.75,Y,4,y13,6,0
203,5/19/2012,6,10,2520,62.75,Y,4,y12,6,0
203,3/10/2012,12,42,2520,62.75,Y,4,y12,6,0
203,5/17/2012,12,14,2520,62.75,Y,4,y12,6,0
203,6/4/2013,14,6,2520,62.75,Y,4,y13,6,0
203,3/11/2012,12,38,2520,62.75,Y,4,y12,6,0
203,3/12/2012,6,15,2520,62.75,Y,4,y12,6,0
203,5/18/2012,12,16,2520,62.75,Y,4,y12,6,0
203,5/16/2012,6,6,2520,62.75,Y,4,y12,6,0
203,3/9/2012,6,15,2520,62.75,Y,4,y12,6,0
203,3/27/2013,18,8,2520,62.75,Y,4,y13,6,0
203,6/3/2013,6,0,2520,62.75,Y,4,y13,6,0
203,3/26/2013,18,0,2520,62.75,Y,4,y13,6,0
208,3/26/2013,9,0,144,61.875,N,3,y13,4,0
208,3/28/2013,10,0,144,61.875,N,3,y13,4,0
208,5/14/2012,3,13,144,61.875,N,3,y12,4,0
208,5/12/2012,6,11,144,61.875,N,3,y12,4,1
208,3/3/2012,6,6,144,61.875,N,3,y12,4,0
208,5/11/2012,3,3,144,61.875,N,3,y12,4,0
208,3/27/2013,10,0,144,61.875,N,3,y13,4,0
208,5/30/2013,10,6,144,61.875,N,3,y13,4,0
208,5/29/2013,10,3,144,61.875,N,3,y13,4,0
208,5/28/2013,10,3,144,61.875,N,3,y13,4,0
208,5/13/2012,6,13,144,61.875,N,3,y12,4,1
208,3/5/2012,6,6,144,61.875,N,3,y12,4,0
208,3/4/2012,6,6,144,61.875,N,3,y12,4,0
209,5/27/2013,7,9,874,41.125,Y,4,y13,3,0
209,3/21/2013,9,0,874,41.125,Y,4,y13,3,0
209,3/18/2013,9,0,874,41.125,Y,4,y13,3,0
209,5/30/2013,7,3,874,41.125,Y,4,y13,3,0
209,2/25/2012,14,43,874,41.125,Y,4,y12,3,1
209,3/20/2013,18,7,874,41.125,Y,4,y13,3,0
209,2/27/2012,14,81,874,41.125,Y,4,y12,3,0
209,3/19/2013,18,2,874,41.125,Y,4,y13,3,0
209,5/18/2012,14,21,874,41.125,Y,4,y12,3,1
209,5/16/2012,7,7,874,41.125,Y,4,y12,3,0
209,5/19/2012,7,11,874,41.125,Y,4,y12,3,1
209,5/17/2012,14,20,874,41.125,Y,4,y12,3,0
209,5/29/2013,14,2,874,41.125,Y,4,y13,3,0
209,5/28/2013,14,10,874,41.125,Y,4,y13,3,0
209,2/26/2012,14,70,874,41.125,Y,4,y12,3,0
212,3/29/2013,7,2,1295,0,N,4,y13,3,0
212,5/31/2013,7,5,1295,0,N,4,y13,3,0
212,2/20/2012,16,21,1295,0,N,4,y12,3,0
212,3/31/2013,14,23,1295,0,N,4,y13,3,1
212,2/18/2012,16,41,1295,0,N,4,y12,3,1
212,5/25/2012,8,12,1295,0,N,4,y12,3,1
212,2/19/2012,16,28,1295,0,N,4,y12,3,1
212,5/26/2012,16,28,1295,0,N,4,y12,3,1
212,6/3/2013,7,8,1295,0,N,4,y13,3,0
212,4/1/2013,7,31,1295,0,N,4,y13,3,0
212,3/30/2013,14,66,1295,0,N,4,y13,3,0
212,5/27/2012,16,27,1295,0,N,4,y12,3,1
212,6/1/2013,14,14,1295,0,N,4,y13,3,0
212,6/2/2013,14,8,1295,0,N,4,y13,3,0
212,5/28/2012,8,12,1295,0,N,4,y12,3,1
213,5/21/2012,6,90,130,81.75,N,4,y12,3,0
213,3/20/2013,8,5,130,81.75,N,4,y13,3,0
213,2/26/2012,8,47,130,81.75,N,4,y12,3,0
213,2/25/2012,8,38,130,81.75,N,4,y12,3,0
213,5/20/2012,3,39,130,81.75,N,4,y12,3,0
213,2/27/2012,8,93,130,81.75,N,4,y12,3,0
213,3/21/2013,4,9,130,81.75,N,4,y13,3,1
213,5/22/2012,6,58,130,81.75,N,4,y12,3,0
213,5/30/2013,3,37,130,81.75,N,4,y13,3,0
213,3/18/2013,4,63,130,81.75,N,4,y13,3,0
213,3/19/2013,8,15,130,81.75,N,4,y13,3,1
213,5/27/2013,3,18,130,81.75,N,4,y13,3,0
213,5/29/2013,6,37,130,81.75,N,4,y13,3,0
213,5/23/2012,3,25,130,81.75,N,4,y12,3,0
213,5/28/2013,6,87,130,81.75,N,4,y13,3,0
215,6/1/2013,16,3,1612,83.5625,Y,4,y13,1,0
215,5/31/2013,8,0,1612,83.5625,Y,4,y13,1,0
215,5/25/2012,7,8,1612,83.5625,Y,4,y12,1,0
215,2/20/2012,18,32,1612,83.5625,Y,4,y12,1,1
215,6/3/2013,8,2,1612,83.5625,Y,4,y13,1,0
215,6/2/2013,16,0,1612,83.5625,Y,4,y13,1,0
215,5/26/2012,14,19,1612,83.5625,Y,4,y12,1,0
215,5/28/2012,7,11,1612,83.5625,Y,4,y12,1,1
215,5/27/2012,14,18,1612,83.5625,Y,4,y12,1,0
215,2/19/2012,18,29,1612,83.5625,Y,4,y12,1,1
215,3/27/2013,7,0,1612,83.5625,Y,4,y13,1,0
215,3/29/2013,14,4,1612,83.5625,Y,4,y13,1,0
215,3/30/2013,7,3,1612,83.5625,Y,4,y13,1,0
215,3/28/2013,14,2,1612,83.5625,Y,4,y13,1,0
215,2/18/2012,18,49,1612,83.5625,Y,4,y12,1,1
216,5/16/2012,4,12,231,68.6875,N,3,y12,3,1
216,3/12/2012,4,26,231,68.6875,N,3,y12,3,0
216,5/19/2012,4,22,231,68.6875,N,3,y12,3,0
216,3/10/2012,8,59,231,68.6875,N,3,y12,3,0
216,3/9/2012,4,30,231,68.6875,N,3,y12,3,0
216,6/11/2013,5,4,231,68.6875,N,3,y13,3,0
216,3/7/2013,5,18,231,68.6875,N,3,y13,3,1
216,6/13/2013,10,45,231,68.6875,N,3,y13,3,0
216,3/8/2013,10,72,231,68.6875,N,3,y13,3,0
216,6/14/2013,5,18,231,68.6875,N,3,y13,3,1
216,3/9/2013,10,114,231,68.6875,N,3,y13,3,0
216,3/11/2012,8,53,231,68.6875,N,3,y12,3,0
216,3/10/2013,5,224,231,68.6875,N,3,y13,3,0
216,6/12/2013,10,22,231,68.6875,N,3,y13,3,1
216,5/18/2012,8,43,231,68.6875,N,3,y12,3,0
216,5/17/2012,4,31,231,68.6875,N,3,y12,3,0
219,3/28/2013,14,19,1036,13.375,N,4,y13,2,0
219,6/3/2013,7,41,1036,13.375,N,4,y13,2,0
219,3/27/2013,14,7,1036,13.375,N,4,y13,2,0
219,6/5/2013,14,63,1036,13.375,N,4,y13,2,0
219,3/10/2012,14,107,1036,13.375,N,4,y12,2,0
219,6/4/2013,14,189,1036,13.375,N,4,y13,2,0
219,6/6/2013,7,41,1036,13.375,N,4,y13,2,0
219,5/27/2012,14,30,1036,13.375,N,4,y12,2,1
219,3/11/2012,14,80,1036,13.375,N,4,y12,2,0
219,5/25/2012,7,12,1036,13.375,N,4,y12,2,1
219,3/26/2013,14,4,1036,13.375,N,4,y13,2,0
219,3/12/2012,7,91,1036,13.375,N,4,y12,2,0
219,5/26/2012,14,29,1036,13.375,N,4,y12,2,1
219,3/9/2012,7,14,1036,13.375,N,4,y12,2,1
219,5/28/2012,7,29,1036,13.375,N,4,y12,2,0
222A,6/1/2013,4,0,25,95.1875,N,1,y13,1,0
222A,3/29/2013,4,8,25,95.1875,N,1,y13,1,1
222A,2/18/2012,4,4,25,95.1875,N,1,y12,1,0
222A,2/20/2012,4,5,25,95.1875,N,1,y12,1,0
222A,2/19/2012,4,4,25,95.1875,N,1,y12,1,0
222A,3/27/2013,2,0,25,95.1875,N,1,y13,1,0
222A,3/28/2013,4,0,25,95.1875,N,1,y13,1,0
222A,3/30/2013,2,0,25,95.1875,N,1,y13,1,0
222A,5/31/2013,2,0,25,95.1875,N,1,y13,1,0
222A,6/3/2013,2,0,25,95.1875,N,1,y13,1,0
222A,6/2/2013,4,0,25,95.1875,N,1,y13,1,0
224,3/17/2013,6,56,324,30.125,N,4,y13,3,0
224,6/14/2013,6,8,324,30.125,N,4,y13,3,0
224,6/12/2013,12,32,324,30.125,N,4,y13,3,1
224,3/2/2012,6,28,324,30.125,N,4,y12,3,0
224,3/4/2012,12,56,324,30.125,N,4,y12,3,0
224,6/11/2013,6,50,324,30.125,N,4,y13,3,0
224,5/21/2012,12,52,324,30.125,N,4,y12,3,0
224,3/3/2012,12,75,324,30.125,N,4,y12,3,0
224,3/15/2013,12,71,324,30.125,N,4,y13,3,0
224,3/5/2012,6,48,324,30.125,N,4,y12,3,0
224,6/13/2013,12,36,324,30.125,N,4,y13,3,1
224,5/20/2012,6,23,324,30.125,N,4,y12,3,1
224,5/23/2012,6,23,324,30.125,N,4,y12,3,1
224,3/14/2013,6,5,324,30.125,N,4,y13,3,0
224,5/22/2012,10,34,324,30.125,N,4,y12,3,1
224,3/16/2013,12,77,324,30.125,N,4,y13,3,0
228,5/21/2012,12,99,396,45.5,N,4,y12,3,0
228,3/5/2012,12,149,396,45.5,N,4,y12,3,0
228,5/22/2012,12,81,396,45.5,N,4,y12,3,0
228,5/20/2012,6,61,396,45.5,N,4,y12,3,0
228,5/23/2012,6,67,396,45.5,N,4,y12,3,0
228,3/4/2012,12,184,396,45.5,N,4,y12,3,0
228,6/14/2013,6,28,396,45.5,N,4,y13,3,0
228,3/14/2013,6,8,396,45.5,N,4,y13,3,0
228,3/3/2012,12,183,396,45.5,N,4,y12,3,0
228,3/16/2013,12,120,396,45.5,N,4,y13,3,0
228,6/11/2013,6,22,396,45.5,N,4,y13,3,1
228,3/17/2013,6,72,396,45.5,N,4,y13,3,0
228,6/12/2013,12,41,396,45.5,N,4,y13,3,1
228,6/13/2013,12,39,396,45.5,N,4,y13,3,1
228,3/15/2013,12,76,396,45.5,N,4,y13,3,0
229,5/24/2013,8,86,85,64.625,N,3,y13,4,0
229,3/10/2013,4,98,85,64.625,N,3,y13,4,0
229,5/25/2013,8,119,85,64.625,N,3,y13,4,0
229,3/4/2012,4,22,85,64.625,N,3,y12,4,0
229,3/8/2013,8,13,85,64.625,N,3,y13,4,1
229,5/26/2013,4,45,85,64.625,N,3,y13,4,0
229,3/3/2012,4,28,85,64.625,N,3,y12,4,0
229,3/9/2013,8,23,85,64.625,N,3,y13,4,1
229,3/5/2012,4,22,85,64.625,N,3,y12,4,0
229,5/23/2013,4,91,85,64.625,N,3,y13,4,0
229,3/7/2013,4,6,85,64.625,N,3,y13,4,1
232,3/9/2013,12,168,363,52.3125,Y,4,y13,3,0
232,5/25/2013,12,1,363,52.3125,Y,4,y13,3,0
232,3/8/2013,12,75,363,52.3125,Y,4,y13,3,0
232,5/27/2012,10,13,363,52.3125,Y,4,y12,3,0
232,3/7/2013,6,24,363,52.3125,Y,4,y13,3,0
232,5/24/2013,12,5,363,52.3125,Y,4,y13,3,0
232,5/26/2013,6,5,363,52.3125,Y,4,y13,3,0
232,3/3/2012,10,54,363,52.3125,Y,4,y12,3,0
232,5/28/2012,5,8,363,52.3125,Y,4,y12,3,1
232,3/10/2013,6,56,363,52.3125,Y,4,y13,3,0
232,3/4/2012,10,48,363,52.3125,Y,4,y12,3,0
232,5/26/2012,10,14,363,52.3125,Y,4,y12,3,0
232,5/25/2012,4,8,363,52.3125,Y,4,y12,3,1
232,5/23/2013,6,2,363,52.3125,Y,4,y13,3,0
232,3/5/2012,10,54,363,52.3125,Y,4,y12,3,0
233,5/17/2012,4,28,35,50.4375,N,3,y12,2,0
233,6/13/2013,6,31,35,50.4375,N,3,y13,2,0
233,3/8/2013,4,19,35,50.4375,N,3,y13,2,0
233,3/7/2013,2,0,35,50.4375,N,3,y13,2,0
233,3/10/2013,2,77,35,50.4375,N,3,y13,2,0
233,3/12/2012,3,45,35,50.4375,N,3,y12,2,0
233,6/14/2013,3,8,35,50.4375,N,3,y13,2,1
233,6/12/2013,6,45,35,50.4375,N,3,y13,2,0
233,5/18/2012,4,18,35,50.4375,N,3,y12,2,0
233,3/9/2013,4,49,35,50.4375,N,3,y13,2,0
233,6/11/2013,3,38,35,50.4375,N,3,y13,2,0
233,3/11/2012,6,20,35,50.4375,N,3,y12,2,1
233,3/10/2012,6,26,35,50.4375,N,3,y12,2,0
233,3/9/2012,3,7,35,50.4375,N,3,y12,2,1
233,5/19/2012,4,25,35,50.4375,N,3,y12,2,0
237,5/24/2013,6,62,150,57.375,N,2,y13,1,0
237,5/25/2013,6,67,150,57.375,N,2,y13,1,0
237,3/9/2013,8,18,150,57.375,N,2,y13,1,1
237,3/5/2012,4,4,150,57.375,N,2,y12,1,0
237,3/4/2012,4,9,150,57.375,N,2,y12,1,1
237,3/8/2013,8,11,150,57.375,N,2,y13,1,0
237,5/23/2013,3,23,150,57.375,N,2,y13,1,0
237,3/3/2012,4,13,150,57.375,N,2,y12,1,1
237,5/26/2013,3,33,150,57.375,N,2,y13,1,0
237,3/7/2013,5,1,150,57.375,N,2,y13,1,0
237,3/10/2013,4,92,150,57.375,N,2,y13,1,0
238,5/17/2012,10,144,378,57.5625,N,4,y12,2,0
238,5/18/2012,10,163,378,57.5625,N,4,y12,2,0
238,5/19/2012,10,171,378,57.5625,N,4,y12,2,0
238,3/8/2013,10,81,378,57.5625,N,4,y13,2,0
238,3/10/2012,10,142,378,57.5625,N,4,y12,2,0
238,3/9/2012,5,17,378,57.5625,N,4,y12,2,1
238,3/11/2012,10,116,378,57.5625,N,4,y12,2,0
238,3/7/2013,5,36,378,57.5625,N,4,y13,2,0
238,3/9/2013,10,88,378,57.5625,N,4,y13,2,0
238,3/12/2012,5,111,378,57.5625,N,4,y12,2,0
238,6/1/2013,10,30,378,57.5625,N,4,y13,2,1
238,5/31/2013,5,20,378,57.5625,N,4,y13,2,0
238,3/10/2013,5,126,378,57.5625,N,4,y13,2,0
238,6/2/2013,10,60,378,57.5625,N,4,y13,2,0
238,6/3/2013,5,33,378,57.5625,N,4,y13,2,0
242,5/26/2012,8,65,175,39.9375,N,4,y12,3,0
242,5/26/2013,5,18,175,39.9375,N,4,y13,3,1
242,5/25/2012,4,27,175,39.9375,N,4,y12,3,0
242,3/10/2013,4,92,175,39.9375,N,4,y13,3,0
242,3/8/2013,8,47,175,39.9375,N,4,y13,3,0
242,5/25/2013,8,54,175,39.9375,N,4,y13,3,0
242,5/27/2012,8,75,175,39.9375,N,4,y12,3,0
242,5/28/2012,4,35,175,39.9375,N,4,y12,3,0
242,3/7/2013,5,6,175,39.9375,N,4,y13,3,0
242,3/4/2012,10,88,175,39.9375,N,4,y12,3,0
242,5/23/2013,4,31,175,39.9375,N,4,y13,3,0
242,3/9/2013,8,68,175,39.9375,N,4,y13,3,0
242,3/3/2012,10,69,175,39.9375,N,4,y12,3,0
242,3/5/2012,10,76,175,39.9375,N,4,y12,3,0
242,5/24/2013,8,61,175,39.9375,N,4,y13,3,0
245,5/20/2012,5,50,450,6.375,N,3,y12,3,0
245,3/3/2012,12,92,450,6.375,N,3,y12,3,0
245,5/21/2012,10,91,450,6.375,N,3,y12,3,0
245,3/5/2012,12,48,450,6.375,N,3,y12,3,0
245,6/11/2013,6,37,450,6.375,N,3,y13,3,0
245,6/13/2013,12,93,450,6.375,N,3,y13,3,0
245,3/4/2012,12,46,450,6.375,N,3,y12,3,1
245,3/17/2013,6,57,450,6.375,N,3,y13,3,0
245,6/12/2013,12,107,450,6.375,N,3,y13,3,0
245,6/14/2013,6,43,450,6.375,N,3,y13,3,0
245,3/15/2013,12,48,450,6.375,N,3,y13,3,0
245,3/14/2013,6,7,450,6.375,N,3,y13,3,0
245,3/16/2013,12,57,450,6.375,N,3,y13,3,0
245,5/22/2012,10,94,450,6.375,N,3,y12,3,0
245,5/23/2012,5,35,450,6.375,N,3,y12,3,0
246,3/12/2012,6,194,728,75.0625,N,4,y12,2,0
246,5/18/2012,12,146,728,75.0625,N,4,y12,2,0
246,3/10/2012,12,171,728,75.0625,N,4,y12,2,0
246,5/31/2013,6,5,728,75.0625,N,4,y13,2,0
246,3/11/2012,12,184,728,75.0625,N,4,y12,2,0
246,5/19/2012,12,92,728,75.0625,N,4,y12,2,0
246,6/2/2013,12,126,728,75.0625,N,4,y13,2,0
246,3/8/2013,12,168,728,75.0625,N,4,y13,2,0
246,3/7/2013,7,28,728,75.0625,N,4,y13,2,0
246,6/3/2013,6,38,728,75.0625,N,4,y13,2,0
246,5/17/2012,12,165,728,75.0625,N,4,y12,2,0
246,3/10/2013,6,250,728,75.0625,N,4,y13,2,0
246,6/1/2013,12,133,728,75.0625,N,4,y13,2,0
246,3/9/2012,6,58,728,75.0625,N,4,y12,2,0
246,3/9/2013,12,244,728,75.0625,N,4,y13,2,0
246A,5/18/2012,1,8,4,87.5,N,1,y12,0,0
246A,5/19/2012,1,2,4,87.5,N,1,y12,0,0
246A,6/1/2013,2,1,4,87.5,N,1,y13,0,0
246A,3/11/2012,1,1,4,87.5,N,1,y12,0,0
246A,3/7/2013,2,1,4,87.5,N,1,y13,0,0
246A,3/8/2013,2,1,4,87.5,N,1,y13,0,0
246A,3/10/2012,1,1,4,87.5,N,1,y12,0,0
246A,5/17/2012,1,1,4,87.5,N,1,y12,0,0
246A,5/31/2013,2,1,4,87.5,N,1,y13,0,0
246A,6/2/2013,2,1,4,87.5,N,1,y13,0,0
246A,3/9/2012,1,1,4,87.5,N,1,y12,0,0
246A,3/9/2013,2,0,4,87.5,N,1,y13,0,0
246B,3/10/2013,2,35,54,83.5,N,3,y13,2,0
246B,6/2/2013,4,17,54,83.5,N,3,y13,2,0
246B,3/11/2012,4,41,54,83.5,N,3,y12,2,0
246B,5/18/2012,4,78,54,83.5,N,3,y12,2,0
246B,5/31/2013,2,8,54,83.5,N,3,y13,2,0
246B,6/1/2013,4,19,54,83.5,N,3,y13,2,0
246B,5/17/2012,4,41,54,83.5,N,3,y12,2,0
246B,3/9/2012,2,24,54,83.5,N,3,y12,2,0
246B,5/19/2012,4,46,54,83.5,N,3,y12,2,0
246B,3/12/2012,2,23,54,83.5,N,3,y12,2,0
246B,6/3/2013,2,7,54,83.5,N,3,y13,2,1
246B,3/7/2013,3,2,54,83.5,N,3,y13,2,0
246B,3/10/2012,4,41,54,83.5,N,3,y12,2,0
246B,3/9/2013,4,21,54,83.5,N,3,y13,2,0
246B,3/8/2013,4,9,54,83.5,N,3,y13,2,1
246C,6/1/2013,4,27,26,92.5625,N,3,y13,1,0
246C,6/2/2013,4,24,26,92.5625,N,3,y13,1,0
246C,3/8/2013,4,15,26,92.5625,N,3,y13,1,1
246C,3/7/2013,3,4,26,92.5625,N,3,y13,1,0
246C,3/9/2013,4,16,26,92.5625,N,3,y13,1,0
246C,6/3/2013,2,25,26,92.5625,N,3,y13,1,0
246C,3/10/2013,2,16,26,92.5625,N,3,y13,1,0
246C,5/31/2013,2,3,26,92.5625,N,3,y13,1,1
247,3/11/2012,12,219,432,64.5625,N,4,y12,1,0
247,5/18/2012,12,74,432,64.5625,N,4,y12,1,0
247,3/8/2013,10,122,432,64.5625,N,4,y13,1,0
247,3/10/2012,12,131,432,64.5625,N,4,y12,1,0
247,3/12/2012,6,152,432,64.5625,N,4,y12,1,0
247,6/1/2013,12,204,432,64.5625,N,4,y13,1,0
247,6/3/2013,6,112,432,64.5625,N,4,y13,1,0
247,3/9/2012,6,24,432,64.5625,N,4,y12,1,0
247,5/19/2012,12,57,432,64.5625,N,4,y12,1,0
247,3/9/2013,10,150,432,64.5625,N,4,y13,1,0
247,5/17/2012,12,103,432,64.5625,N,4,y12,1,0
247,3/10/2013,5,121,432,64.5625,N,4,y13,1,0
247,5/31/2013,6,17,432,64.5625,N,4,y13,1,1
247,6/2/2013,10,114,432,64.5625,N,4,y13,1,0
247,3/7/2013,5,20,432,64.5625,N,4,y13,1,0
251,3/26/2013,6,9,870,81.5,N,4,y13,0,1
251,3/29/2013,6,132,870,81.5,N,4,y13,0,0
251,5/25/2013,12,54,870,81.5,N,4,y13,0,0
251,3/28/2013,12,51,870,81.5,N,4,y13,0,0
251,5/14/2012,6,33,870,81.5,N,4,y12,0,0
251,2/19/2012,12,15,870,81.5,N,4,y12,0,0
251,5/26/2013,6,31,870,81.5,N,4,y13,0,0
251,5/12/2012,12,68,870,81.5,N,4,y12,0,0
251,3/27/2013,12,23,870,81.5,N,4,y13,0,1
251,5/11/2012,6,17,870,81.5,N,4,y12,0,1
251,5/23/2013,6,7,870,81.5,N,4,y13,0,0
251,2/20/2012,12,16,870,81.5,N,4,y12,0,0
251,5/13/2012,12,64,870,81.5,N,4,y12,0,0
251,5/24/2013,12,55,870,81.5,N,4,y13,0,0
251,2/18/2012,12,28,870,81.5,N,4,y12,0,1
254,2/25/2012,14,26,8400,38.1875,Y,4,y12,1,0
254,5/21/2012,18,18,8400,38.1875,Y,4,y12,1,0
254,5/22/2012,18,18,8400,38.1875,Y,4,y12,1,0
254,2/26/2012,14,23,8400,38.1875,Y,4,y12,1,0
254,5/28/2013,20,0,8400,38.1875,Y,4,y13,1,0
254,5/20/2012,9,9,8400,38.1875,Y,4,y12,1,0
254,5/23/2012,9,10,8400,38.1875,Y,4,y12,1,0
254,5/30/2013,10,1,8400,38.1875,Y,4,y13,1,0
254,3/21/2013,10,6,8400,38.1875,Y,4,y13,1,0
254,2/27/2012,14,29,8400,38.1875,Y,4,y12,1,0
254,3/20/2013,20,16,8400,38.1875,Y,4,y13,1,0
254,3/18/2013,10,0,8400,38.1875,Y,4,y13,1,0
254,3/19/2013,20,14,8400,38.1875,Y,4,y13,1,0
254,5/29/2013,20,3,8400,38.1875,Y,4,y13,1,0
254A,3/19/2013,14,39,468,37.1875,N,1,y13,5,1
254A,3/20/2013,14,48,468,37.1875,N,1,y13,5,1
254A,3/21/2013,7,24,468,37.1875,N,1,y13,5,1
254A,5/30/2013,6,75,468,37.1875,N,1,y13,5,0
254A,5/29/2013,12,133,468,37.1875,N,1,y13,5,0
254A,3/18/2013,7,3,468,37.1875,N,1,y13,5,0
254A,5/28/2013,12,134,468,37.1875,N,1,y13,5,0
255,2/27/2012,14,88,1088,27,Y,4,y12,5,0
255,3/18/2013,8,5,1088,27,Y,4,y13,5,0
255,5/30/2013,7,12,1088,27,Y,4,y13,5,1
255,3/20/2013,16,15,1088,27,Y,4,y13,5,0
255,5/16/2012,7,17,1088,27,Y,4,y12,5,1
255,3/21/2013,8,21,1088,27,Y,4,y13,5,1
255,5/18/2012,14,33,1088,27,Y,4,y12,5,1
255,5/27/2013,7,0,1088,27,Y,4,y13,5,0
255,5/28/2013,14,18,1088,27,Y,4,y13,5,0
255,2/25/2012,14,67,1088,27,Y,4,y12,5,0
255,5/29/2013,14,12,1088,27,Y,4,y13,5,0
255,3/19/2013,16,15,1088,27,Y,4,y13,5,0
255,2/26/2012,14,60,1088,27,Y,4,y12,5,0
255,5/19/2012,7,14,1088,27,Y,4,y12,5,1
255,5/17/2012,14,38,1088,27,Y,4,y12,5,1
26,5/21/2012,18,27,13167,14.5,Y,4,y12,5,0
26,3/5/2012,18,32,13167,14.5,Y,4,y12,5,0
26,3/3/2012,18,35,13167,14.5,Y,4,y12,5,0
26,6/14/2013,20,14,13167,14.5,Y,4,y13,5,0
26,3/16/2013,40,47,13167,14.5,Y,4,y13,5,0
26,6/13/2013,40,28,13167,14.5,Y,4,y13,5,0
26,5/20/2012,9,11,13167,14.5,Y,4,y12,5,0
26,6/12/2013,40,17,13167,14.5,Y,4,y13,5,0
26,5/22/2012,18,39,13167,14.5,Y,4,y12,5,0
26,5/23/2012,9,12,13167,14.5,Y,4,y12,5,0
26,3/4/2012,18,35,13167,14.5,Y,4,y12,5,0
26,3/14/2013,20,62,13167,14.5,Y,4,y13,5,0
26,6/11/2013,20,11,13167,14.5,Y,4,y13,5,0
26,3/15/2013,40,40,13167,14.5,Y,4,y13,5,0
26,3/17/2013,20,24,13167,14.5,Y,4,y13,5,0
261,3/26/2013,7,0,1161,23.875,Y,4,y13,5,0
261,5/23/2013,7,0,1161,23.875,Y,4,y13,5,0
261,3/28/2013,14,0,1161,23.875,Y,4,y13,5,0
261,3/29/2013,7,2,1161,23.875,Y,4,y13,5,0
261,5/11/2012,7,9,1161,23.875,Y,4,y12,5,0
261,5/26/2013,7,0,1161,23.875,Y,4,y13,5,0
261,5/25/2013,14,4,1161,23.875,Y,4,y13,5,0
261,3/27/2013,14,0,1161,23.875,Y,4,y13,5,0
261,2/20/2012,14,14,1161,23.875,Y,4,y12,5,0
261,5/24/2013,14,1,1161,23.875,Y,4,y13,5,0
261,5/13/2012,14,14,1161,23.875,Y,4,y12,5,0
261,2/19/2012,14,14,1161,23.875,Y,4,y12,5,0
261,5/14/2012,7,7,1161,23.875,Y,4,y12,5,0
261,2/18/2012,14,15,1161,23.875,Y,4,y12,5,0
261,5/12/2012,14,17,1161,23.875,Y,4,y12,5,0
263,3/10/2012,40,123,25740,3.75,Y,4,y12,4,0
263,3/27/2013,40,7,25740,3.75,Y,4,y13,4,0
263,5/16/2012,20,20,25740,3.75,Y,4,y12,4,0
263,3/9/2012,20,23,25740,3.75,Y,4,y12,4,0
263,3/12/2012,20,32,25740,3.75,Y,4,y12,4,0
263,5/29/2013,40,2,25740,3.75,Y,4,y13,4,0
263,5/28/2013,39,5,25740,3.75,Y,4,y13,4,0
263,5/30/2013,40,2,25740,3.75,Y,4,y13,4,0
263,3/26/2013,40,1,25740,3.75,Y,4,y13,4,0
263,3/28/2013,40,3,25740,3.75,Y,4,y13,4,0
263,5/19/2012,20,22,25740,3.75,Y,4,y12,4,0
263,5/18/2012,39,42,25740,3.75,Y,4,y12,4,0
263,3/11/2012,40,74,25740,3.75,Y,4,y12,4,0
263,5/17/2012,40,44,25740,3.75,Y,4,y12,4,0
264,6/11/2013,5,68,289,76,N,4,y13,4,0
264,5/23/2012,4,20,289,76,N,4,y12,4,0
264,6/12/2013,10,67,289,76,N,4,y13,4,0
264,5/22/2012,8,40,289,76,N,4,y12,4,0
264,3/17/2013,5,33,289,76,N,4,y13,4,0
264,3/14/2013,5,2,289,76,N,4,y13,4,0
264,3/5/2012,10,129,289,76,N,4,y12,4,0
264,6/14/2013,5,21,289,76,N,4,y13,4,0
264,3/3/2012,10,92,289,76,N,4,y12,4,0
264,5/20/2012,4,20,289,76,N,4,y12,4,0
264,3/4/2012,10,82,289,76,N,4,y12,4,0
264,6/13/2013,10,102,289,76,N,4,y13,4,0
264,5/21/2012,8,31,289,76,N,4,y12,4,1
264,3/16/2013,10,59,289,76,N,4,y13,4,0
264,3/15/2013,10,47,289,76,N,4,y13,4,0
26A,3/4/2012,2,3,210,0.25,N,1,y12,1,1
26A,6/13/2013,9,33,210,0.25,N,1,y13,1,1
26A,3/14/2013,5,1,210,0.25,N,1,y13,1,0
26A,6/11/2013,5,2,210,0.25,N,1,y13,1,0
26A,6/14/2013,4,16,210,0.25,N,1,y13,1,0
26A,3/5/2012,2,8,210,0.25,N,1,y12,1,0
26A,3/15/2013,5,79,210,0.25,N,1,y13,1,0
26A,3/16/2013,5,5,210,0.25,N,1,y13,1,0
26A,6/12/2013,9,46,210,0.25,N,1,y13,1,0
274,3/27/2013,6,4,300,84.9375,N,3,y13,4,0
274,5/12/2012,12,181,300,84.9375,N,3,y12,4,0
274,5/25/2013,10,163,300,84.9375,N,3,y13,4,0
274,5/11/2012,6,102,300,84.9375,N,3,y12,4,0
274,5/13/2012,12,156,300,84.9375,N,3,y12,4,0
274,2/19/2012,12,35,300,84.9375,N,3,y12,4,1
274,2/20/2012,12,28,300,84.9375,N,3,y12,4,1
274,3/30/2013,6,48,300,84.9375,N,3,y13,4,0
274,2/18/2012,12,36,300,84.9375,N,3,y12,4,1
274,3/28/2013,12,31,300,84.9375,N,3,y13,4,1
274,5/26/2013,5,74,300,84.9375,N,3,y13,4,0
274,3/29/2013,12,72,300,84.9375,N,3,y13,4,0
274,5/23/2013,5,87,300,84.9375,N,3,y13,4,0
274,5/14/2012,6,44,300,84.9375,N,3,y12,4,0
274,5/24/2013,10,122,300,84.9375,N,3,y13,4,0
278,3/29/2013,4,132,160,84.9375,N,1,y13,2,0
278,3/27/2013,4,0,160,84.9375,N,1,y13,2,0
278,2/20/2012,2,2,160,84.9375,N,1,y12,2,0
278,3/28/2013,4,1,160,84.9375,N,1,y13,2,0
278,2/19/2012,2,2,160,84.9375,N,1,y12,2,0
278,2/18/2012,2,2,160,84.9375,N,1,y12,2,0
278A,5/24/2013,2,58,2.25,85,N,1,y13,10,0
278A,3/27/2013,2,0,2.25,85,N,1,y13,10,0
278A,3/29/2013,2,192,2.25,85,N,1,y13,10,0
278A,5/23/2013,2,115,2.25,85,N,1,y13,10,0
278A,3/28/2013,2,3,2.25,85,N,1,y13,10,0
278A,5/25/2013,2,159,2.25,85,N,1,y13,10,0
287,5/17/2012,14,15,966,4.375,Y,4,y12,5,0
287,3/9/2012,7,7,966,4.375,Y,4,y12,5,0
287,3/28/2013,12,0,966,4.375,Y,4,y13,5,0
287,3/12/2012,7,7,966,4.375,Y,4,y12,5,0
287,3/10/2012,14,14,966,4.375,Y,4,y12,5,0
287,3/27/2013,12,1,966,4.375,Y,4,y13,5,0
287,3/11/2012,14,14,966,4.375,Y,4,y12,5,0
287,3/26/2013,12,0,966,4.375,Y,4,y13,5,0
287,5/30/2013,14,0,966,4.375,Y,4,y13,5,0
287,5/28/2013,14,0,966,4.375,Y,4,y13,5,0
287,5/29/2013,14,0,966,4.375,Y,4,y13,5,0
287,5/18/2012,14,16,966,4.375,Y,4,y12,5,0
287,5/16/2012,7,7,966,4.375,Y,4,y12,5,0
287,5/19/2012,7,8,966,4.375,Y,4,y12,5,0
288,6/2/2013,6,44,60,79.5625,N,4,y13,6,0
288,6/3/2013,3,5,60,79.5625,N,4,y13,6,1
288,5/26/2012,8,65,60,79.5625,N,4,y12,6,0
288,4/1/2013,4,55,60,79.5625,N,4,y13,6,0
288,3/30/2013,8,16,60,79.5625,N,4,y13,6,1
288,2/19/2012,8,50,60,79.5625,N,4,y12,6,0
288,2/18/2012,8,83,60,79.5625,N,4,y12,6,0
288,5/31/2013,3,6,60,79.5625,N,4,y13,6,1
288,5/28/2012,4,31,60,79.5625,N,4,y12,6,0
288,3/29/2013,4,0,60,79.5625,N,4,y13,6,0
288,2/20/2012,8,30,60,79.5625,N,4,y12,6,1
288,3/31/2013,8,175,60,79.5625,N,4,y13,6,0
288,5/27/2012,8,38,60,79.5625,N,4,y12,6,0
288,5/25/2012,4,13,60,79.5625,N,4,y12,6,1
288,6/1/2013,6,27,60,79.5625,N,4,y13,6,0
289,5/19/2012,6,126,126,22.625,N,4,y12,1,0
289,3/8/2013,6,7,126,22.625,N,4,y13,1,0
289,5/18/2012,6,76,126,22.625,N,4,y12,1,0
289,3/12/2012,3,6,126,22.625,N,4,y12,1,1
289,6/11/2013,4,43,126,22.625,N,4,y13,1,0
289,3/10/2012,6,9,126,22.625,N,4,y12,1,1
289,3/9/2012,3,4,126,22.625,N,4,y12,1,0
289,6/13/2013,8,203,126,22.625,N,4,y13,1,0
289,3/10/2013,3,16,126,22.625,N,4,y13,1,0
289,6/12/2013,8,165,126,22.625,N,4,y13,1,0
289,6/14/2013,4,131,126,22.625,N,4,y13,1,0
289,3/7/2013,4,2,126,22.625,N,4,y13,1,0
289,3/9/2013,6,6,126,22.625,N,4,y13,1,0
289,3/11/2012,6,8,126,22.625,N,4,y12,1,0
289,5/17/2012,6,79,126,22.625,N,4,y12,1,0
290,6/14/2013,6,12,510,26.1875,N,4,y13,3,1
290,6/11/2013,6,44,510,26.1875,N,4,y13,3,0
290,5/18/2012,12,90,510,26.1875,N,4,y12,3,0
290,3/10/2013,6,54,510,26.1875,N,4,y13,3,0
290,3/9/2013,12,48,510,26.1875,N,4,y13,3,0
290,6/13/2013,12,41,510,26.1875,N,4,y13,3,1
290,3/10/2012,12,74,510,26.1875,N,4,y12,3,0
290,3/9/2012,6,19,510,26.1875,N,4,y12,3,1
290,6/12/2013,12,63,510,26.1875,N,4,y13,3,0
290,3/11/2012,12,39,510,26.1875,N,4,y12,3,1
290,5/19/2012,12,64,510,26.1875,N,4,y12,3,0
290,3/7/2013,7,12,510,26.1875,N,4,y13,3,1
290,5/17/2012,12,73,510,26.1875,N,4,y12,3,0
290,3/12/2012,6,92,510,26.1875,N,4,y12,3,0
290,3/8/2013,12,53,510,26.1875,N,4,y13,3,0
291,3/3/2012,6,7,63,82.0625,N,4,y12,0,0
291,5/26/2012,6,153,63,82.0625,N,4,y12,0,0
291,3/7/2013,3,6,63,82.0625,N,4,y13,0,1
291,5/27/2012,6,136,63,82.0625,N,4,y12,0,0
291,3/10/2013,3,49,63,82.0625,N,4,y13,0,0
291,3/4/2012,6,9,63,82.0625,N,4,y12,0,1
291,5/24/2013,6,3,63,82.0625,N,4,y13,0,0
291,5/28/2012,3,70,63,82.0625,N,4,y12,0,0
291,3/5/2012,6,10,63,82.0625,N,4,y12,0,1
291,5/23/2013,3,7,63,82.0625,N,4,y13,0,1
291,5/26/2013,3,8,63,82.0625,N,4,y13,0,1
291,3/8/2013,3,4,63,82.0625,N,4,y13,0,0
291,3/9/2013,6,13,63,82.0625,N,4,y13,0,1
291,5/25/2012,3,83,63,82.0625,N,4,y12,0,0
292,3/9/2013,4,15,36,88.6875,N,2,y13,1,1
292,5/25/2013,4,8,36,88.6875,N,2,y13,1,1
292,5/27/2012,4,76,36,88.6875,N,2,y12,1,0
292,3/3/2012,4,6,36,88.6875,N,2,y12,1,1
292,5/23/2013,2,8,36,88.6875,N,2,y13,1,0
292,3/8/2013,2,5,36,88.6875,N,2,y13,1,1
292,5/25/2012,2,86,36,88.6875,N,2,y12,1,0
292,3/5/2012,4,6,36,88.6875,N,2,y12,1,1
292,5/26/2013,2,5,36,88.6875,N,2,y13,1,1
292,5/26/2012,4,81,36,88.6875,N,2,y12,1,0
292,3/10/2013,2,66,36,88.6875,N,2,y13,1,0
292,3/4/2012,4,8,36,88.6875,N,2,y12,1,1
292,5/28/2012,2,40,36,88.6875,N,2,y12,1,0
292,3/7/2013,2,2,36,88.6875,N,2,y13,1,0
292,5/24/2013,4,11,36,88.6875,N,2,y13,1,1
294,2/18/2012,2,2,4,96,N,2,y12,1,0
294,6/1/2013,4,5,4,96,N,2,y13,1,0
294,2/20/2012,2,2,4,96,N,2,y12,1,0
294,3/27/2013,2,2,4,96,N,2,y13,1,0
294,3/29/2013,4,17,4,96,N,2,y13,1,0
294,5/26/2012,2,2,4,96,N,2,y12,1,0
294,3/30/2013,2,12,4,96,N,2,y13,1,0
294,2/19/2012,2,2,4,96,N,2,y12,1,0
294,5/31/2013,2,2,4,96,N,2,y13,1,0
294,3/28/2013,4,12,4,96,N,2,y13,1,0
294,5/25/2012,2,2,4,96,N,2,y12,1,0
294,6/3/2013,2,5,4,96,N,2,y13,1,0
294,6/2/2013,4,5,4,96,N,2,y13,1,0
294A,5/31/2013,2,6,4,96,N,3,y13,0,0
294A,5/25/2012,1,0,4,96,N,3,y12,0,0
294A,3/29/2013,4,7,4,96,N,3,y13,0,0
294A,3/27/2013,2,0,4,96,N,3,y13,0,0
294A,3/28/2013,4,27,4,96,N,3,y13,0,0
294A,2/20/2012,2,3,4,96,N,3,y12,0,0
294A,6/1/2013,4,13,4,96,N,3,y13,0,0
294A,3/30/2013,2,7,4,96,N,3,y13,0,0
294A,6/2/2013,4,6,4,96,N,3,y13,0,0
294A,2/18/2012,1,1,4,96,N,3,y12,0,0
294A,6/3/2013,2,6,4,96,N,3,y13,0,0
295,6/13/2013,2,0,1,78.375,N,1,y13,0,0
295,3/9/2013,1,2,1,78.375,N,1,y13,0,0
295,6/11/2013,2,0,1,78.375,N,1,y13,0,0
295,3/15/2013,1,0,1,78.375,N,1,y13,0,0
295,3/14/2013,1,2,1,78.375,N,1,y13,0,0
295,6/12/2013,2,0,1,78.375,N,1,y13,0,0
296,6/11/2013,2,24,15,94.6875,N,2,y13,2,0
296,6/12/2013,2,33,15,94.6875,N,2,y13,2,0
296,6/13/2013,2,16,15,94.6875,N,2,y13,2,0
296,3/15/2013,4,6,15,94.6875,N,2,y13,2,1
296,3/14/2013,2,0,15,94.6875,N,2,y13,2,0
296,3/9/2013,2,0,15,94.6875,N,2,y13,2,0
296,3/17/2013,2,7,15,94.6875,N,2,y13,2,1
296,3/16/2013,2,9,15,94.6875,N,2,y13,2,0
297,6/11/2013,2,4,24,92.375,N,2,y13,2,1
297,3/17/2013,2,3,24,92.375,N,2,y13,2,1
297,3/4/2012,3,31,24,92.375,N,2,y12,2,0
297,6/12/2013,4,18,24,92.375,N,2,y13,2,0
297,3/14/2013,2,3,24,92.375,N,2,y13,2,1
297,3/16/2013,4,92,24,92.375,N,2,y13,2,0
297,6/13/2013,4,15,24,92.375,N,2,y13,2,1
297,3/15/2013,4,14,24,92.375,N,2,y13,2,1
297,3/5/2012,3,34,24,92.375,N,2,y12,2,0
297,6/14/2013,2,7,24,92.375,N,2,y13,2,1
297,3/3/2012,2,11,24,92.375,N,2,y12,2,0
297,5/21/2012,3,25,24,92.375,N,2,y12,2,0
297,5/22/2012,2,45,24,92.375,N,2,y12,2,0
297,5/20/2012,2,10,24,92.375,N,2,y12,2,0
30,5/28/2013,10,21,147,22.1875,Y,4,y13,5,1
30,5/26/2012,10,12,147,22.1875,Y,4,y12,5,0
30,2/26/2012,7,7,147,22.1875,Y,4,y12,5,0
30,5/29/2013,10,23,147,22.1875,Y,4,y13,5,1
30,3/19/2013,10,4,147,22.1875,Y,4,y13,5,0
30,5/30/2013,5,20,147,22.1875,Y,4,y13,5,0
30,2/25/2012,8,8,147,22.1875,Y,4,y12,5,0
30,5/28/2012,5,7,147,22.1875,Y,4,y12,5,0
30,3/21/2013,5,1,147,22.1875,Y,4,y13,5,0
30,3/18/2013,5,61,147,22.1875,Y,4,y13,5,0
30,3/20/2013,10,4,147,22.1875,Y,4,y13,5,0
30,5/25/2012,5,5,147,22.1875,Y,4,y12,5,0
30,5/27/2013,5,6,147,22.1875,Y,4,y13,5,0
30,5/27/2012,10,11,147,22.1875,Y,4,y12,5,0
30,2/27/2012,8,8,147,22.1875,Y,4,y12,5,0
302,6/16/2013,6,3,80,0.3125,N,2,y13,2,0
302,2/24/2012,2,2,80,0.3125,N,2,y12,2,0
302,6/17/2013,6,1,80,0.3125,N,2,y13,2,0
302,6/18/2013,3,0,80,0.3125,N,2,y13,2,0
302,3/17/2013,3,9,80,0.3125,N,2,y13,2,1
302,2/25/2012,4,15,80,0.3125,N,2,y12,2,1
302,2/26/2012,4,18,80,0.3125,N,2,y12,2,0
302,2/27/2012,2,9,80,0.3125,N,2,y12,2,0
302,6/15/2013,3,3,80,0.3125,N,2,y13,2,0
302,3/15/2013,6,6,80,0.3125,N,2,y13,2,0
302,3/16/2013,6,15,80,0.3125,N,2,y13,2,1
302,3/14/2013,3,7,80,0.3125,N,2,y13,2,1
303,5/21/2012,14,21,1275,3.0625,N,4,y12,2,1
303,5/23/2012,7,20,1275,3.0625,N,4,y12,2,1
303,2/26/2012,14,34,1275,3.0625,N,4,y12,2,1
303,2/25/2012,14,32,1275,3.0625,N,4,y12,2,1
303,3/16/2013,16,73,1275,3.0625,N,4,y13,2,0
303,2/27/2012,7,34,1275,3.0625,N,4,y12,2,0
303,6/18/2013,8,19,1275,3.0625,N,4,y13,2,1
303,6/17/2013,16,49,1275,3.0625,N,4,y13,2,1
303,3/14/2013,8,6,1275,3.0625,N,4,y13,2,0
303,6/16/2013,16,34,1275,3.0625,N,4,y13,2,1
303,3/15/2013,16,43,1275,3.0625,N,4,y13,2,1
303,5/22/2012,14,35,1275,3.0625,N,4,y12,2,1
303,2/24/2012,7,17,1275,3.0625,N,4,y12,2,1
303,3/17/2013,8,24,1275,3.0625,N,4,y13,2,1
303,6/15/2013,8,27,1275,3.0625,N,4,y13,2,1
303,5/20/2012,7,9,1275,3.0625,N,4,y12,2,0
305,3/10/2013,5,99,256,53.3125,N,4,y13,3,0
305,6/14/2013,5,39,256,53.3125,N,4,y13,3,0
305,3/8/2013,10,29,256,53.3125,N,4,y13,3,1
305,3/12/2012,5,35,256,53.3125,N,4,y12,3,0
305,3/9/2013,12,40,256,53.3125,N,4,y13,3,1
305,3/11/2012,10,21,256,53.3125,N,4,y12,3,1
305,5/19/2012,10,182,256,53.3125,N,4,y12,3,0
305,6/12/2013,10,113,256,53.3125,N,4,y13,3,0
305,6/13/2013,10,79,256,53.3125,N,4,y13,3,0
305,5/17/2012,10,178,256,53.3125,N,4,y12,3,0
305,3/7/2013,6,7,256,53.3125,N,4,y13,3,0
305,3/10/2012,10,36,256,53.3125,N,4,y12,3,1
305,5/18/2012,10,174,256,53.3125,N,4,y12,3,0
305,3/9/2012,5,20,256,53.3125,N,4,y12,3,0
305,6/11/2013,5,125,256,53.3125,N,4,y13,3,0
308,3/16/2013,16,11,1190,0,N,2,y13,1,0
308,6/16/2013,14,1,1190,0,N,2,y13,1,0
308,6/17/2013,14,2,1190,0,N,2,y13,1,0
308,2/25/2012,8,24,1190,0,N,2,y12,1,1
308,5/22/2012,2,3,1190,0,N,2,y12,1,1
308,3/14/2013,8,6,1190,0,N,2,y13,1,0
308,2/26/2012,8,48,1190,0,N,2,y12,1,0
308,3/15/2013,16,13,1190,0,N,2,y13,1,0
308,2/27/2012,4,7,1190,0,N,2,y12,1,1
308,6/18/2013,7,0,1190,0,N,2,y13,1,0
308,5/21/2012,2,7,1190,0,N,2,y12,1,1
308,5/20/2012,2,14,1190,0,N,2,y12,1,0
308,6/15/2013,7,1,1190,0,N,2,y13,1,0
308,3/17/2013,8,15,1190,0,N,2,y13,1,1
308,2/24/2012,4,12,1190,0,N,2,y12,1,1
309,6/17/2013,4,0,12,0,N,2,y13,1,0
309,2/26/2012,4,5,12,0,N,2,y12,1,0
309,6/15/2013,2,0,12,0,N,2,y13,1,0
309,2/27/2012,2,3,12,0,N,2,y12,1,1
309,3/17/2013,2,0,12,0,N,2,y13,1,0
309,6/18/2013,2,1,12,0,N,2,y13,1,0
309,6/16/2013,4,1,12,0,N,2,y13,1,0
309,2/24/2012,2,2,12,0,N,2,y12,1,0
309,2/25/2012,2,2,12,0,N,2,y12,1,0
309,3/14/2013,2,0,12,0,N,2,y13,1,0
309,3/15/2013,4,0,12,0,N,2,y13,1,0
309,3/16/2013,4,0,12,0,N,2,y13,1,0
31,5/27/2012,12,49,455,32.75,N,4,y12,4,0
31,5/25/2012,6,6,455,32.75,N,4,y12,4,0
31,2/26/2012,12,31,455,32.75,N,4,y12,4,1
31,5/27/2013,7,1,455,32.75,N,4,y13,4,0
31,5/26/2012,12,37,455,32.75,N,4,y12,4,1
31,5/28/2013,14,10,455,32.75,N,4,y13,4,0
31,5/28/2012,6,31,455,32.75,N,4,y12,4,0
31,3/19/2013,12,1,455,32.75,N,4,y13,4,0
31,2/25/2012,12,69,455,32.75,N,4,y12,4,0
31,5/30/2013,7,1,455,32.75,N,4,y13,4,0
31,3/18/2013,6,0,455,32.75,N,4,y13,4,0
31,2/27/2012,12,43,455,32.75,N,4,y12,4,1
31,3/21/2013,6,1,455,32.75,N,4,y13,4,0
31,5/29/2013,14,5,455,32.75,N,4,y13,4,0
31,3/20/2013,12,0,455,32.75,N,4,y13,4,0
310,5/21/2012,6,8,96,8.3125,N,4,y12,2,0
310,6/17/2013,6,4,96,8.3125,N,4,y13,2,0
310,3/16/2013,6,34,96,8.3125,N,4,y13,2,0
310,2/25/2012,8,22,96,8.3125,N,4,y12,2,1
310,2/27/2012,4,19,96,8.3125,N,4,y12,2,0
310,2/24/2012,4,9,96,8.3125,N,4,y12,2,1
310,5/20/2012,3,4,96,8.3125,N,4,y12,2,0
310,2/26/2012,8,18,96,8.3125,N,4,y12,2,1
310,3/15/2013,6,34,96,8.3125,N,4,y13,2,0
310,3/17/2013,3,17,96,8.3125,N,4,y13,2,0
310,6/18/2013,3,2,96,8.3125,N,4,y13,2,0
310,5/23/2012,3,5,96,8.3125,N,4,y12,2,1
310,3/14/2013,3,8,96,8.3125,N,4,y13,2,1
310,5/22/2012,6,12,96,8.3125,N,4,y12,2,1
310,6/15/2013,3,1,96,8.3125,N,4,y13,2,0
310,6/16/2013,6,5,96,8.3125,N,4,y13,2,0
311,3/14/2013,3,8,102,0,N,3,y13,1,1
311,6/18/2013,4,0,102,0,N,3,y13,1,0
311,3/15/2013,6,22,102,0,N,3,y13,1,1
311,3/17/2013,3,10,102,0,N,3,y13,1,1
311,2/26/2012,6,39,102,0,N,3,y12,1,0
311,5/23/2012,2,2,102,0,N,3,y12,1,0
311,5/21/2012,5,5,102,0,N,3,y12,1,0
311,5/20/2012,3,3,102,0,N,3,y12,1,0
311,6/17/2013,8,3,102,0,N,3,y13,1,0
311,2/24/2012,3,9,102,0,N,3,y12,1,1
311,2/27/2012,3,43,102,0,N,3,y12,1,0
311,6/16/2013,8,3,102,0,N,3,y13,1,0
311,2/25/2012,6,25,102,0,N,3,y12,1,0
311,3/16/2013,6,25,102,0,N,3,y13,1,0
311,6/15/2013,4,4,102,0,N,3,y13,1,0
311,5/22/2012,5,7,102,0,N,3,y12,1,0
312,3/16/2013,6,0,36,0,N,2,y13,1,0
312,6/17/2013,2,17,36,0,N,2,y13,1,0
312,3/17/2013,3,0,36,0,N,2,y13,1,0
312,2/27/2012,2,2,36,0,N,2,y12,1,0
312,6/16/2013,2,8,36,0,N,2,y13,1,0
312,6/15/2013,2,40,36,0,N,2,y13,1,0
312,2/26/2012,4,4,36,0,N,2,y12,1,0
312,2/24/2012,2,2,36,0,N,2,y12,1,0
312,3/15/2013,6,0,36,0,N,2,y13,1,0
312,2/25/2012,4,4,36,0,N,2,y12,1,0
312,3/14/2013,3,0,36,0,N,2,y13,1,0
313,3/15/2013,4,0,15,0,N,2,y13,1,0
313,6/18/2013,2,1,15,0,N,2,y13,1,0
313,3/14/2013,2,0,15,0,N,2,y13,1,0
313,3/16/2013,4,0,15,0,N,2,y13,1,0
313,2/26/2012,4,4,15,0,N,2,y12,1,0
313,6/16/2013,4,3,15,0,N,2,y13,1,0
313,6/15/2013,2,3,15,0,N,2,y13,1,1
313,2/27/2012,2,2,15,0,N,2,y12,1,0
313,2/24/2012,2,2,15,0,N,2,y12,1,0
313,3/17/2013,2,0,15,0,N,2,y13,1,0
313,2/25/2012,4,4,15,0,N,2,y12,1,0
313,6/17/2013,4,1,15,0,N,2,y13,1,0
314,3/16/2013,4,0,32,0,N,2,y13,1,0
314,3/15/2013,4,0,32,0,N,2,y13,1,0
314,6/18/2013,2,12,32,0,N,2,y13,1,0
314,2/27/2012,2,2,32,0,N,2,y12,1,0
314,2/26/2012,4,5,32,0,N,2,y12,1,0
314,6/16/2013,4,48,32,0,N,2,y13,1,0
314,2/25/2012,4,5,32,0,N,2,y12,1,0
314,3/14/2013,2,0,32,0,N,2,y13,1,0
314,3/17/2013,2,1,32,0,N,2,y13,1,0
314,6/15/2013,2,46,32,0,N,2,y13,1,0
314,6/17/2013,4,43,32,0,N,2,y13,1,0
314,2/24/2012,2,30,32,0,N,2,y12,1,0
315,2/27/2012,3,31,36,0,N,4,y12,2,0
315,3/15/2013,6,43,36,0,N,4,y13,2,0
315,5/23/2012,2,3,36,0,N,4,y12,2,1
315,2/26/2012,6,27,36,0,N,4,y12,2,0
315,6/18/2013,3,4,36,0,N,4,y13,2,0
315,6/16/2013,6,5,36,0,N,4,y13,2,0
315,3/17/2013,3,30,36,0,N,4,y13,2,0
315,2/25/2012,6,57,36,0,N,4,y12,2,0
315,5/21/2012,4,7,36,0,N,4,y12,2,1
315,6/15/2013,3,2,36,0,N,4,y13,2,0
315,2/24/2012,3,8,36,0,N,4,y12,2,1
315,6/17/2013,6,2,36,0,N,4,y13,2,0
315,5/22/2012,4,10,36,0,N,4,y12,2,1
315,3/14/2013,3,12,36,0,N,4,y13,2,0
315,3/16/2013,6,34,36,0,N,4,y13,2,0
315,5/20/2012,2,3,36,0,N,4,y12,2,1
318,6/13/2013,2,26,18,43.8125,N,1,y13,2,0
318,6/11/2013,2,0,18,43.8125,N,1,y13,2,0
318,3/3/2012,2,2,18,43.8125,N,1,y12,2,0
318,3/2/2012,1,2,18,43.8125,N,1,y12,2,1
318,6/12/2013,2,18,18,43.8125,N,1,y13,2,0
318,3/14/2013,2,1,18,43.8125,N,1,y13,2,0
318,3/15/2013,2,1,18,43.8125,N,1,y13,2,0
318,3/16/2013,2,0,18,43.8125,N,1,y13,2,0
318,3/4/2012,2,4,18,43.8125,N,1,y12,2,1
32,3/19/2013,12,26,308,25.8125,N,3,y13,3,1
32,5/25/2012,4,5,308,25.8125,N,3,y12,3,0
32,5/28/2013,10,12,308,25.8125,N,3,y13,3,0
32,5/30/2013,5,13,308,25.8125,N,3,y13,3,1
32,3/21/2013,6,2,308,25.8125,N,3,y13,3,0
32,3/20/2013,12,124,308,25.8125,N,3,y13,3,0
32,5/27/2013,5,3,308,25.8125,N,3,y13,3,0
32,2/27/2012,10,10,308,25.8125,N,3,y12,3,0
32,5/29/2013,10,3,308,25.8125,N,3,y13,3,0
32,5/28/2012,4,16,308,25.8125,N,3,y12,3,0
32,2/26/2012,10,10,308,25.8125,N,3,y12,3,0
32,3/18/2013,6,9,308,25.8125,N,3,y13,3,1
32,2/25/2012,10,10,308,25.8125,N,3,y12,3,0
32,5/27/2012,8,28,308,25.8125,N,3,y12,3,1
32,5/26/2012,8,20,308,25.8125,N,3,y12,3,1
321,2/18/2012,2,3,24,10.9375,N,3,y12,2,1
321,5/12/2012,4,16,24,10.9375,N,3,y12,2,0
321,5/26/2013,2,18,24,10.9375,N,3,y13,2,0
321,5/24/2013,4,23,24,10.9375,N,3,y13,2,0
321,3/29/2013,2,8,24,10.9375,N,3,y13,2,0
321,5/14/2012,4,10,24,10.9375,N,3,y12,2,1
321,2/19/2012,2,9,24,10.9375,N,3,y12,2,0
321,5/25/2013,4,20,24,10.9375,N,3,y13,2,0
321,3/30/2013,4,24,24,10.9375,N,3,y13,2,0
321,5/23/2013,2,22,24,10.9375,N,3,y13,2,0
321,4/1/2013,2,14,24,10.9375,N,3,y13,2,0
321,2/20/2012,2,5,24,10.9375,N,3,y12,2,1
321,5/13/2012,4,10,24,10.9375,N,3,y12,2,1
321,3/31/2013,4,23,24,10.9375,N,3,y13,2,0
321A,5/14/2012,2,3,16,13.5625,N,2,y12,2,1
321A,2/19/2012,2,5,16,13.5625,N,2,y12,2,1
321A,5/13/2012,2,2,16,13.5625,N,2,y12,2,0
321A,3/30/2013,4,1,16,13.5625,N,2,y13,2,0
321A,3/29/2013,2,0,16,13.5625,N,2,y13,2,0
321A,3/31/2013,4,0,16,13.5625,N,2,y13,2,0
321A,4/1/2013,2,0,16,13.5625,N,2,y13,2,0
321A,2/18/2012,2,3,16,13.5625,N,2,y12,2,1
321A,5/12/2012,2,3,16,13.5625,N,2,y12,2,1
321A,2/20/2012,2,3,16,13.5625,N,2,y12,2,1
322A,3/30/2013,4,40,9,24.875,N,2,y13,4,0
322A,5/24/2013,4,35,9,24.875,N,2,y13,4,0
322A,5/25/2013,4,38,9,24.875,N,2,y13,4,0
322A,2/20/2012,2,12,9,24.875,N,2,y12,4,0
322A,2/19/2012,2,10,9,24.875,N,2,y12,4,0
322A,5/23/2013,2,22,9,24.875,N,2,y13,4,0
322A,2/18/2012,2,12,9,24.875,N,2,y12,4,0
322A,3/29/2013,2,4,9,24.875,N,2,y13,4,1
322A,5/26/2013,2,11,9,24.875,N,2,y13,4,0
322A,4/1/2013,2,20,9,24.875,N,2,y13,4,0
322A,3/31/2013,4,25,9,24.875,N,2,y13,4,0
322B,5/24/2013,4,32,15,7.1875,N,2,y13,3,0
322B,3/29/2013,2,275,15,7.1875,N,2,y13,3,0
322B,3/30/2013,4,14,15,7.1875,N,2,y13,3,1
322B,5/23/2013,2,15,15,7.1875,N,2,y13,3,0
322B,5/25/2013,4,24,15,7.1875,N,2,y13,3,0
322B,5/26/2013,2,10,15,7.1875,N,2,y13,3,0
322B,3/31/2013,4,53,15,7.1875,N,2,y13,3,0
322B,2/18/2012,2,5,15,7.1875,N,2,y12,3,1
322B,5/12/2012,2,16,15,7.1875,N,2,y12,3,0
322B,2/20/2012,2,6,15,7.1875,N,2,y12,3,1
322B,2/19/2012,2,2,15,7.1875,N,2,y12,3,0
322B,4/1/2013,2,4,15,7.1875,N,2,y13,3,1
322B,5/13/2012,2,14,15,7.1875,N,2,y12,3,0
322B,5/14/2012,2,12,15,7.1875,N,2,y12,3,0
322C,5/25/2013,2,17,12,26.9375,N,2,y13,4,0
322C,3/29/2013,2,158,12,26.9375,N,2,y13,4,0
322C,3/31/2013,4,35,12,26.9375,N,2,y13,4,0
322C,5/23/2013,2,17,12,26.9375,N,2,y13,4,0
322C,2/19/2012,2,5,12,26.9375,N,2,y12,4,1
322C,4/1/2013,2,26,12,26.9375,N,2,y13,4,0
322C,2/20/2012,2,4,12,26.9375,N,2,y12,4,1
322C,3/30/2013,4,32,12,26.9375,N,2,y13,4,0
322C,5/24/2013,4,42,12,26.9375,N,2,y13,4,0
322C,2/18/2012,2,6,12,26.9375,N,2,y12,4,1
322D,5/24/2013,3,16,1,24.25,N,1,y13,0,0
322D,2/20/2012,2,2,1,24.25,N,1,y12,0,0
322D,5/23/2013,2,23,1,24.25,N,1,y13,0,0
322D,5/25/2013,1,6,1,24.25,N,1,y13,0,0
322D,2/18/2012,2,5,1,24.25,N,1,y12,0,0
322D,3/31/2013,4,117,1,24.25,N,1,y13,0,0
322D,2/19/2012,2,2,1,24.25,N,1,y12,0,0
322D,4/1/2013,2,11,1,24.25,N,1,y13,0,0
322D,3/30/2013,4,20,1,24.25,N,1,y13,0,0
322D,3/29/2013,2,70,1,24.25,N,1,y13,0,0
323,5/27/2013,3,1,81,4.6875,N,4,y13,3,0
323,5/28/2013,6,5,81,4.6875,N,4,y13,3,0
323,5/20/2012,3,7,81,4.6875,N,4,y12,3,1
323,5/22/2012,6,24,81,4.6875,N,4,y12,3,0
323,3/20/2013,8,58,81,4.6875,N,4,y13,3,0
323,2/25/2012,6,19,81,4.6875,N,4,y12,3,1
323,5/23/2012,3,12,81,4.6875,N,4,y12,3,0
323,3/19/2013,8,6,81,4.6875,N,4,y13,3,0
323,5/30/2013,3,5,81,4.6875,N,4,y13,3,1
323,3/18/2013,4,4,81,4.6875,N,4,y13,3,0
323,3/21/2013,4,2,81,4.6875,N,4,y13,3,0
323,5/21/2012,6,16,81,4.6875,N,4,y12,3,1
323,2/27/2012,6,41,81,4.6875,N,4,y12,3,0
323,2/26/2012,6,23,81,4.6875,N,4,y12,3,1
324,3/21/2013,3,4,22.5,17.6875,N,2,y13,2,0
324,2/26/2012,2,6,22.5,17.6875,N,2,y12,2,1
324,3/18/2013,3,1,22.5,17.6875,N,2,y13,2,0
324,5/30/2013,3,1,22.5,17.6875,N,2,y13,2,0
324,3/19/2013,6,1,22.5,17.6875,N,2,y13,2,0
324,2/27/2012,2,6,22.5,17.6875,N,2,y12,2,1
324,5/27/2013,3,1,22.5,17.6875,N,2,y13,2,0
324,3/20/2013,6,5,22.5,17.6875,N,2,y13,2,0
324,2/25/2012,2,4,22.5,17.6875,N,2,y12,2,1
324,5/28/2013,6,2,22.5,17.6875,N,2,y13,2,0
325,5/28/2013,2,41,36,9.4375,N,1,y13,1,0
325,2/27/2012,4,113,36,9.4375,N,1,y12,1,0
325,2/25/2012,4,81,36,9.4375,N,1,y12,1,0
325,3/18/2013,2,0,36,9.4375,N,1,y13,1,0
325,2/26/2012,4,137,36,9.4375,N,1,y12,1,0
325,5/27/2013,2,58,36,9.4375,N,1,y13,1,0
325,3/21/2013,2,1,36,9.4375,N,1,y13,1,0
325,3/19/2013,4,0,36,9.4375,N,1,y13,1,0
325,3/20/2013,4,1,36,9.4375,N,1,y13,1,0
325,5/29/2013,2,58,36,9.4375,N,1,y13,1,0
326A,5/23/2013,2,0,4,38.875,N,2,y13,1,0
326A,2/18/2012,2,4,4,38.875,N,2,y12,1,0
326A,2/20/2012,2,7,4,38.875,N,2,y12,1,0
326A,2/19/2012,2,7,4,38.875,N,2,y12,1,0
326A,3/29/2013,2,0,4,38.875,N,2,y13,1,0
326A,3/30/2013,4,15,4,38.875,N,2,y13,1,0
326A,4/1/2013,2,7,4,38.875,N,2,y13,1,0
326A,3/31/2013,4,21,4,38.875,N,2,y13,1,0
326B,2/19/2012,2,2,2,35.875,N,1,y12,0,0
326B,2/18/2012,2,2,2,35.875,N,1,y12,0,0
326B,4/1/2013,2,6,2,35.875,N,1,y13,0,0
326B,3/30/2013,4,7,2,35.875,N,1,y13,0,0
326B,2/20/2012,2,2,2,35.875,N,1,y12,0,0
326B,3/31/2013,4,4,2,35.875,N,1,y13,0,0
326B,3/29/2013,2,51,2,35.875,N,1,y13,0,0
327,3/31/2013,6,0,63,25.3125,N,1,y13,2,0
327,5/25/2013,2,0,63,25.3125,N,1,y13,2,0
327,3/30/2013,6,0,63,25.3125,N,1,y13,2,0
327,2/19/2012,2,4,63,25.3125,N,1,y12,2,1
327,5/23/2013,2,0,63,25.3125,N,1,y13,2,0
327,5/24/2013,2,0,63,25.3125,N,1,y13,2,0
327,4/1/2013,3,0,63,25.3125,N,1,y13,2,0
327,2/18/2012,2,3,63,25.3125,N,1,y12,2,1
327,3/29/2013,3,0,63,25.3125,N,1,y13,2,0
327,2/20/2012,2,2,63,25.3125,N,1,y12,2,0
328,2/20/2012,2,2,9,70.875,N,3,y12,2,0
328,3/30/2013,4,2,9,70.875,N,3,y13,2,0
328,5/14/2012,4,47,9,70.875,N,3,y12,2,0
328,5/13/2012,4,28,9,70.875,N,3,y12,2,0
328,3/31/2013,4,5,9,70.875,N,3,y13,2,0
328,2/18/2012,2,3,9,70.875,N,3,y12,2,1
328,5/12/2012,4,57,9,70.875,N,3,y12,2,0
328,3/29/2013,2,0,9,70.875,N,3,y13,2,0
328,4/1/2013,2,5,9,70.875,N,3,y13,2,1
328,2/19/2012,2,2,9,70.875,N,3,y12,2,0
328A,3/29/2013,2,80,3,22.5,N,1,y13,2,0
328A,2/19/2012,2,2,3,22.5,N,1,y12,2,0
328A,3/31/2013,4,5,3,22.5,N,1,y13,2,0
328A,2/18/2012,2,3,3,22.5,N,1,y12,2,0
328A,2/20/2012,2,3,3,22.5,N,1,y12,2,0
328A,3/30/2013,4,1,3,22.5,N,1,y13,2,0
328A,4/1/2013,2,3,3,22.5,N,1,y13,2,0
328B,4/1/2013,2,2,5,27.1875,N,1,y13,2,0
328B,3/29/2013,2,0,5,27.1875,N,1,y13,2,0
328B,2/19/2012,2,2,5,27.1875,N,1,y12,2,0
328B,2/18/2012,2,2,5,27.1875,N,1,y12,2,0
328B,3/31/2013,4,2,5,27.1875,N,1,y13,2,0
328B,2/20/2012,2,2,5,27.1875,N,1,y12,2,0
329,2/25/2012,12,31,600,0,N,3,y12,2,1
329,2/27/2012,6,31,600,0,N,3,y12,2,0
329,6/16/2013,12,0,600,0,N,3,y13,2,0
329,5/23/2012,2,3,600,0,N,3,y12,2,1
329,3/15/2013,11,92,600,0,N,3,y13,2,0
329,5/22/2012,4,19,600,0,N,3,y12,2,0
329,2/24/2012,6,7,600,0,N,3,y12,2,0
329,5/21/2012,4,6,600,0,N,3,y12,2,1
329,3/17/2013,6,131,600,0,N,3,y13,2,0
329,6/15/2013,6,0,600,0,N,3,y13,2,0
329,5/20/2012,2,6,600,0,N,3,y12,2,1
329,3/14/2013,7,9,600,0,N,3,y13,2,0
329,3/16/2013,12,97,600,0,N,3,y13,2,0
329,6/18/2013,6,0,600,0,N,3,y13,2,0
329,2/26/2012,12,55,600,0,N,3,y12,2,0
329,6/17/2013,12,2,600,0,N,3,y13,2,0
330,5/28/2013,2,0,56,5.1875,N,2,y13,0,0
330,3/21/2013,3,4,56,5.1875,N,2,y13,0,0
330,2/25/2012,2,2,56,5.1875,N,2,y12,0,0
330,3/18/2013,3,3,56,5.1875,N,2,y13,0,0
330,3/19/2013,6,3,56,5.1875,N,2,y13,0,0
330,2/26/2012,2,2,56,5.1875,N,2,y12,0,0
330,3/20/2013,6,8,56,5.1875,N,2,y13,0,0
330,5/29/2013,2,9,56,5.1875,N,2,y13,0,0
330,2/27/2012,2,2,56,5.1875,N,2,y12,0,0
331,3/16/2013,8,60,209,0,N,3,y13,1,0
331,2/24/2012,8,15,209,0,N,3,y12,1,1
331,3/17/2013,4,20,209,0,N,3,y13,1,0
331,5/20/2012,2,2,209,0,N,3,y12,1,0
331,2/25/2012,8,32,209,0,N,3,y12,1,0
331,6/17/2013,8,0,209,0,N,3,y13,1,0
331,5/21/2012,4,4,209,0,N,3,y12,1,0
331,3/15/2013,8,57,209,0,N,3,y13,1,0
331,5/22/2012,4,7,209,0,N,3,y12,1,1
331,2/26/2012,8,48,209,0,N,3,y12,1,0
331,6/16/2013,8,0,209,0,N,3,y13,1,0
331,2/27/2012,4,17,209,0,N,3,y12,1,0
331,6/15/2013,4,0,209,0,N,3,y13,1,0
331,3/14/2013,4,8,209,0,N,3,y13,1,1
331,6/18/2013,4,2,209,0,N,3,y13,1,0
331,5/23/2012,2,4,209,0,N,3,y12,1,1
332,6/16/2013,6,2,175,0,N,2,y13,1,0
332,2/26/2012,6,45,175,0,N,2,y12,1,0
332,3/16/2013,8,11,175,0,N,2,y13,1,0
332,3/14/2013,4,3,175,0,N,2,y13,1,0
332,6/17/2013,6,2,175,0,N,2,y13,1,0
332,3/15/2013,8,8,175,0,N,2,y13,1,0
332,2/27/2012,3,51,175,0,N,2,y12,1,0
332,3/17/2013,4,11,175,0,N,2,y13,1,1
332,6/18/2013,3,1,175,0,N,2,y13,1,0
332,2/24/2012,2,4,175,0,N,2,y12,1,1
332,6/15/2013,3,3,175,0,N,2,y13,1,0
332,2/25/2012,6,47,175,0,N,2,y12,1,0
333,2/24/2012,2,2,152,0.1875,N,2,y12,1,0
333,3/14/2013,5,1,152,0.1875,N,2,y13,1,0
333,3/16/2013,5,0,152,0.1875,N,2,y13,1,0
333,3/15/2013,5,1,152,0.1875,N,2,y13,1,0
333,2/25/2012,4,4,152,0.1875,N,2,y12,1,0
333,2/26/2012,4,6,152,0.1875,N,2,y12,1,1
333,2/27/2012,2,2,152,0.1875,N,2,y12,1,0
333,6/16/2013,4,8,152,0.1875,N,2,y13,1,1
333,6/17/2013,4,9,152,0.1875,N,2,y13,1,1
333,6/15/2013,4,49,152,0.1875,N,2,y13,1,0
334,3/16/2013,10,17,162,0,N,2,y13,1,1
334,2/26/2012,4,16,162,0,N,2,y12,1,0
334,2/27/2012,2,12,162,0,N,2,y12,1,0
334,3/17/2013,5,31,162,0,N,2,y13,1,0
334,6/15/2013,3,19,162,0,N,2,y13,1,0
334,6/16/2013,6,1,162,0,N,2,y13,1,0
334,6/17/2013,6,12,162,0,N,2,y13,1,1
334,2/25/2012,4,6,162,0,N,2,y12,1,1
334,6/18/2013,3,10,162,0,N,2,y13,1,1
334,3/14/2013,5,0,162,0,N,2,y13,1,0
334,3/15/2013,10,13,162,0,N,2,y13,1,0
334,2/24/2012,2,3,162,0,N,2,y12,1,1
335,3/15/2013,6,0,56,0,N,2,y13,1,0
335,2/25/2012,4,4,56,0,N,2,y12,1,0
335,3/16/2013,6,0,56,0,N,2,y13,1,0
335,2/26/2012,4,4,56,0,N,2,y12,1,0
335,2/24/2012,2,2,56,0,N,2,y12,1,0
335,3/17/2013,3,0,56,0,N,2,y13,1,0
335,3/14/2013,3,0,56,0,N,2,y13,1,0
335,2/27/2012,2,2,56,0,N,2,y12,1,0
336,3/14/2013,2,0,28,0,N,2,y13,1,0
336,6/16/2013,2,3,28,0,N,2,y13,1,1
336,3/16/2013,4,1,28,0,N,2,y13,1,0
336,3/17/2013,2,0,28,0,N,2,y13,1,0
336,6/15/2013,2,35,28,0,N,2,y13,1,0
336,2/25/2012,4,4,28,0,N,2,y12,1,0
336,2/26/2012,4,4,28,0,N,2,y12,1,0
336,3/15/2013,4,0,28,0,N,2,y13,1,0
336,2/24/2012,2,2,28,0,N,2,y12,1,0
336,6/17/2013,2,6,28,0,N,2,y13,1,1
336,2/27/2012,2,2,28,0,N,2,y12,1,0
337,3/15/2013,4,0,45,0,N,2,y13,1,0
337,2/27/2012,2,16,45,0,N,2,y12,1,0
337,3/14/2013,2,0,45,0,N,2,y13,1,0
337,3/17/2013,2,0,45,0,N,2,y13,1,0
337,2/25/2012,4,19,45,0,N,2,y12,1,0
337,6/15/2013,2,40,45,0,N,2,y13,1,0
337,6/17/2013,4,39,45,0,N,2,y13,1,0
337,6/16/2013,4,23,45,0,N,2,y13,1,0
337,6/18/2013,2,11,45,0,N,2,y13,1,0
337,3/16/2013,4,0,45,0,N,2,y13,1,0
337,2/26/2012,4,20,45,0,N,2,y12,1,0
337,2/24/2012,2,10,45,0,N,2,y12,1,0
339,6/12/2013,8,96,204,17.25,N,3,y13,1,0
339,3/2/2012,2,4,204,17.25,N,3,y12,1,1
339,3/14/2013,4,60,204,17.25,N,3,y13,1,0
339,3/16/2013,4,43,204,17.25,N,3,y13,1,0
339,3/15/2013,8,93,204,17.25,N,3,y13,1,0
339,6/11/2013,4,62,204,17.25,N,3,y13,1,0
339,6/14/2013,4,68,204,17.25,N,3,y13,1,0
339,3/17/2013,4,28,204,17.25,N,3,y13,1,0
339,5/13/2012,3,24,204,17.25,N,3,y12,1,0
339,5/14/2012,3,4,204,17.25,N,3,y12,1,0
339,3/4/2012,3,23,204,17.25,N,3,y12,1,0
339,3/9/2013,4,42,204,17.25,N,3,y13,1,0
339,6/13/2013,8,91,204,17.25,N,3,y13,1,0
339,5/12/2012,3,10,204,17.25,N,3,y12,1,1
339,3/3/2012,3,3,204,17.25,N,3,y12,1,0
339A,5/12/2012,2,12,9,49.8125,N,2,y12,0,0
339A,6/13/2013,4,72,9,49.8125,N,2,y13,0,0
339A,5/13/2012,2,7,9,49.8125,N,2,y12,0,1
339A,6/11/2013,2,22,9,49.8125,N,2,y13,0,0
339A,6/12/2013,4,60,9,49.8125,N,2,y13,0,0
339A,5/14/2012,2,16,9,49.8125,N,2,y12,0,0
339A,3/14/2013,2,213,9,49.8125,N,2,y13,0,0
339A,3/15/2013,2,12,9,49.8125,N,2,y13,0,0
339A,3/9/2013,2,32,9,49.8125,N,2,y13,0,0
339A,6/14/2013,2,67,9,49.8125,N,2,y13,0,0
34,5/30/2013,16,4,2940,43.625,Y,4,y13,4,0
34,5/18/2012,16,23,2940,43.625,Y,4,y12,4,0
34,3/10/2012,16,43,2940,43.625,Y,4,y12,4,0
34,5/29/2013,16,1,2940,43.625,Y,4,y13,4,0
34,5/17/2012,16,20,2940,43.625,Y,4,y12,4,0
34,5/28/2013,16,0,2940,43.625,Y,4,y13,4,0
34,3/11/2012,16,20,2940,43.625,Y,4,y12,4,0
34,3/28/2013,16,4,2940,43.625,Y,4,y13,4,0
34,3/9/2012,8,11,2940,43.625,Y,4,y12,4,0
34,3/27/2013,16,0,2940,43.625,Y,4,y13,4,0
34,5/16/2012,4,6,2940,43.625,Y,4,y12,4,0
34,5/19/2012,8,12,2940,43.625,Y,4,y12,4,0
34,3/26/2013,16,0,2940,43.625,Y,4,y13,4,0
34,3/12/2012,8,50,2940,43.625,Y,4,y12,4,0
340,3/15/2013,2,0,NA,NA,NA,NA,y13,0,0
340,6/6/2013,2,0,NA,NA,NA,NA,y13,0,0
340,3/16/2013,2,0,NA,NA,NA,NA,y13,0,0
340,6/4/2013,2,0,NA,NA,NA,NA,y13,0,0
340,3/14/2013,2,0,NA,NA,NA,NA,y13,0,0
351,3/3/2012,3,13,24,26.5,N,2,y12,2,0
351,5/24/2013,2,89,24,26.5,N,2,y13,2,0
351,3/8/2013,2,1,24,26.5,N,2,y13,2,0
351,3/5/2012,3,18,24,26.5,N,2,y12,2,0
351,3/4/2012,3,13,24,26.5,N,2,y12,2,0
351,5/23/2013,2,80,24,26.5,N,2,y13,2,0
351,5/25/2013,2,67,24,26.5,N,2,y13,2,0
351,3/7/2013,2,0,24,26.5,N,2,y13,2,0
351,3/9/2013,2,0,24,26.5,N,2,y13,2,0
354,6/11/2013,2,2,36,7.875,N,2,y13,0,0
354,3/9/2012,1,5,36,7.875,N,2,y12,0,0
354,6/13/2013,4,6,36,7.875,N,2,y13,0,1
354,6/14/2013,2,5,36,7.875,N,2,y13,0,1
354,3/11/2012,1,19,36,7.875,N,2,y12,0,0
354,3/7/2013,2,0,36,7.875,N,2,y13,0,0
354,3/10/2013,2,14,36,7.875,N,2,y13,0,0
354,6/12/2013,4,5,36,7.875,N,2,y13,0,0
354,3/9/2013,2,2,36,7.875,N,2,y13,0,0
354,3/10/2012,1,12,36,7.875,N,2,y12,0,0
354,2/28/2013,2,1,36,7.875,N,2,y13,0,0
354,3/8/2013,4,3,36,7.875,N,2,y13,0,0
355,3/10/2013,5,112,315,44.6875,N,4,y13,2,0
355,6/11/2013,5,59,315,44.6875,N,4,y13,2,0
355,6/14/2013,5,36,315,44.6875,N,4,y13,2,0
355,6/12/2013,10,70,315,44.6875,N,4,y13,2,0
355,3/7/2013,6,6,315,44.6875,N,4,y13,2,0
355,6/13/2013,10,55,315,44.6875,N,4,y13,2,0
355,3/9/2012,5,37,315,44.6875,N,4,y12,2,0
355,5/18/2012,10,40,315,44.6875,N,4,y12,2,0
355,3/10/2012,10,77,315,44.6875,N,4,y12,2,0
355,3/11/2012,10,84,315,44.6875,N,4,y12,2,0
355,3/12/2012,5,64,315,44.6875,N,4,y12,2,0
355,5/16/2012,5,21,315,44.6875,N,4,y12,2,0
355,5/19/2012,5,28,315,44.6875,N,4,y12,2,0
355,3/9/2013,10,90,315,44.6875,N,4,y13,2,0
355,5/17/2012,10,37,315,44.6875,N,4,y12,2,1
355,3/8/2013,10,44,315,44.6875,N,4,y13,2,0
356,2/20/2012,4,30,21,91.5625,N,1,y12,1,0
356,2/19/2012,4,18,21,91.5625,N,1,y12,1,0
356,2/18/2012,4,20,21,91.5625,N,1,y12,1,0
356,5/24/2013,4,24,21,91.5625,N,1,y13,1,0
356,5/25/2013,4,18,21,91.5625,N,1,y13,1,0
356,3/29/2013,4,8,21,91.5625,N,1,y13,1,1
356,5/23/2013,2,18,21,91.5625,N,1,y13,1,0
356,3/27/2013,2,3,21,91.5625,N,1,y13,1,1
356,5/26/2013,2,5,21,91.5625,N,1,y13,1,1
356,3/28/2013,4,3,21,91.5625,N,1,y13,1,0
356,3/30/2013,2,13,21,91.5625,N,1,y13,1,0
36,5/26/2012,7,109,3696,29.375,N,3,y12,5,0
36,2/25/2012,16,98,3696,29.375,N,3,y12,5,0
36,2/26/2012,16,107,3696,29.375,N,3,y12,5,0
36,2/27/2012,16,74,3696,29.375,N,3,y12,5,0
36,5/27/2012,7,67,3696,29.375,N,3,y12,5,0
36,5/30/2013,9,68,3696,29.375,N,3,y13,5,0
36,5/28/2012,3,44,3696,29.375,N,3,y12,5,0
36,5/25/2012,3,72,3696,29.375,N,3,y12,5,0
36,3/19/2013,20,128,3696,29.375,N,3,y13,5,0
36,5/29/2013,18,136,3696,29.375,N,3,y13,5,0
36,3/21/2013,10,131,3696,29.375,N,3,y13,5,0
36,3/20/2013,20,210,3696,29.375,N,3,y13,5,0
36,3/18/2013,10,7,3696,29.375,N,3,y13,5,0
36,5/28/2013,18,121,3696,29.375,N,3,y13,5,0
36,5/27/2013,9,77,3696,29.375,N,3,y13,5,0
379,3/16/2013,3,3,45,21.625,N,2,y13,2,0
379,5/14/2012,2,93,45,21.625,N,2,y12,2,0
379,3/9/2013,3,1,45,21.625,N,2,y13,2,0
379,2/20/2012,2,4,45,21.625,N,2,y12,2,1
379,3/19/2013,3,12,45,21.625,N,2,y13,2,0
379,5/27/2013,2,20,45,21.625,N,2,y13,2,0
379,5/28/2013,2,6,45,21.625,N,2,y13,2,1
379,5/13/2012,2,92,45,21.625,N,2,y12,2,0
379,2/19/2012,2,4,45,21.625,N,2,y12,2,1
379,5/12/2012,2,116,45,21.625,N,2,y12,2,0
379,5/29/2013,2,25,45,21.625,N,2,y13,2,0
380,3/16/2013,4,2,92,73.3125,N,4,y13,1,0
380,5/28/2013,4,0,92,73.3125,N,4,y13,1,0
380,5/29/2013,4,0,92,73.3125,N,4,y13,1,0
380,3/9/2013,4,1,92,73.3125,N,4,y13,1,0
380,5/27/2013,4,0,92,73.3125,N,4,y13,1,0
380,3/19/2013,4,0,92,73.3125,N,4,y13,1,0
380,2/19/2012,4,5,92,73.3125,N,4,y12,1,0
380,5/12/2012,4,5,92,73.3125,N,4,y12,1,0
380,5/13/2012,4,5,92,73.3125,N,4,y12,1,0
380,2/20/2012,4,10,92,73.3125,N,4,y12,1,1
380,5/14/2012,4,6,92,73.3125,N,4,y12,1,1
380A,5/13/2012,2,3,32,87.375,N,2,y12,0,1
380A,5/29/2013,2,0,32,87.375,N,2,y13,0,0
380A,2/20/2012,2,2,32,87.375,N,2,y12,0,0
380A,3/19/2013,3,0,32,87.375,N,2,y13,0,0
380A,3/9/2013,2,0,32,87.375,N,2,y13,0,0
380A,5/14/2012,2,2,32,87.375,N,2,y12,0,0
380A,5/28/2013,2,0,32,87.375,N,2,y13,0,0
380A,5/12/2012,2,3,32,87.375,N,2,y12,0,1
380A,2/19/2012,2,2,32,87.375,N,2,y12,0,0
380A,3/16/2013,2,0,32,87.375,N,2,y13,0,0
381,5/27/2013,4,1,66,87.25,N,4,y13,0,0
381,3/16/2013,3,0,66,87.25,N,4,y13,0,0
381,5/29/2013,4,0,66,87.25,N,4,y13,0,0
381,5/14/2012,4,4,66,87.25,N,4,y12,0,0
381,2/20/2012,4,4,66,87.25,N,4,y12,0,0
381,3/19/2013,3,0,66,87.25,N,4,y13,0,0
381,5/12/2012,4,5,66,87.25,N,4,y12,0,0
381,3/9/2013,3,0,66,87.25,N,4,y13,0,0
381,5/13/2012,4,6,66,87.25,N,4,y12,0,1
381,2/19/2012,4,4,66,87.25,N,4,y12,0,0
381,5/28/2013,4,0,66,87.25,N,4,y13,0,0
382,3/19/2013,3,35,68,81.375,N,2,y13,0,0
382,3/9/2013,3,1,68,81.375,N,2,y13,0,0
382,5/13/2012,4,18,68,81.375,N,2,y12,0,0
382,5/28/2013,3,54,68,81.375,N,2,y13,0,0
382,2/27/2012,4,7,68,81.375,N,2,y12,0,1
382,5/14/2012,4,9,68,81.375,N,2,y12,0,1
382,3/16/2013,3,3,68,81.375,N,2,y13,0,0
382,5/29/2013,3,47,68,81.375,N,2,y13,0,0
382,2/26/2012,4,6,68,81.375,N,2,y12,0,1
382,5/12/2012,4,14,68,81.375,N,2,y12,0,1
382,2/25/2012,4,14,68,81.375,N,2,y12,0,1
382,5/27/2013,3,112,68,81.375,N,2,y13,0,0
383,3/9/2012,2,2,148,0,N,3,y12,0,0
383,6/3/2013,5,1,148,0,N,3,y13,0,0
383,6/4/2013,10,29,148,0,N,3,y13,0,1
383,3/10/2012,4,4,148,0,N,3,y12,0,0
383,3/27/2013,10,0,148,0,N,3,y13,0,0
383,3/11/2012,4,5,148,0,N,3,y12,0,0
383,6/5/2013,10,33,148,0,N,3,y13,0,1
383,3/28/2013,10,0,148,0,N,3,y13,0,0
383,6/6/2013,5,13,148,0,N,3,y13,0,1
383,3/12/2012,2,2,148,0,N,3,y12,0,0
383,3/26/2013,10,0,148,0,N,3,y13,0,0
385,5/25/2013,2,17,16,14.3125,N,2,y13,4,0
385,5/23/2013,2,13,16,14.3125,N,2,y13,4,0
385,2/20/2012,2,8,16,14.3125,N,2,y12,4,0
385,3/31/2013,4,13,16,14.3125,N,2,y13,4,1
385,2/18/2012,2,9,16,14.3125,N,2,y12,4,0
385,4/1/2013,2,10,16,14.3125,N,2,y13,4,0
385,3/29/2013,2,20,16,14.3125,N,2,y13,4,0
385,3/30/2013,4,10,16,14.3125,N,2,y13,4,1
385,5/24/2013,3,19,16,14.3125,N,2,y13,4,0
385,2/19/2012,2,8,16,14.3125,N,2,y12,4,0
386,3/29/2013,3,3,75,21.5625,N,2,y13,2,0
386,2/18/2012,2,2,75,21.5625,N,2,y12,2,0
386,4/1/2013,3,10,75,21.5625,N,2,y13,2,1
386,5/25/2013,2,7,75,21.5625,N,2,y13,2,1
386,2/20/2012,2,2,75,21.5625,N,2,y12,2,0
386,5/24/2013,2,23,75,21.5625,N,2,y13,2,0
386,3/30/2013,6,40,75,21.5625,N,2,y13,2,0
386,2/19/2012,2,2,75,21.5625,N,2,y12,2,0
386,3/31/2013,6,8,75,21.5625,N,2,y13,2,0
386,5/23/2013,2,7,75,21.5625,N,2,y13,2,1
387,2/19/2012,4,11,21,80.5625,N,4,y12,1,1
387,5/26/2013,2,14,21,80.5625,N,4,y13,1,0
387,5/12/2012,4,59,21,80.5625,N,4,y12,1,0
387,5/24/2013,4,31,21,80.5625,N,4,y13,1,0
387,5/25/2013,4,24,21,80.5625,N,4,y13,1,0
387,5/14/2012,4,68,21,80.5625,N,4,y12,1,0
387,4/1/2013,2,23,21,80.5625,N,4,y13,1,0
387,3/30/2013,4,84,21,80.5625,N,4,y13,1,0
387,2/18/2012,4,8,21,80.5625,N,4,y12,1,1
387,5/23/2013,2,37,21,80.5625,N,4,y13,1,0
387,3/29/2013,2,134,21,80.5625,N,4,y13,1,0
387,5/13/2012,4,47,21,80.5625,N,4,y12,1,0
387,3/31/2013,4,74,21,80.5625,N,4,y13,1,0
387,2/20/2012,4,13,21,80.5625,N,4,y12,1,1
388A,2/18/2012,2,2,1.5,23,N,1,y12,2,0
388A,3/29/2013,2,0,1.5,23,N,1,y13,2,0
388A,3/31/2013,4,0,1.5,23,N,1,y13,2,0
388A,3/30/2013,4,0,1.5,23,N,1,y13,2,0
388A,2/20/2012,2,2,1.5,23,N,1,y12,2,0
388A,4/1/2013,2,0,1.5,23,N,1,y13,2,0
388A,2/19/2012,2,2,1.5,23,N,1,y12,2,0
388B,3/30/2013,4,10,1,10.75,N,1,y13,2,0
388B,2/19/2012,2,2,1,10.75,N,1,y12,2,0
388B,3/29/2013,2,0,1,10.75,N,1,y13,2,0
388B,3/31/2013,4,3,1,10.75,N,1,y13,2,0
388B,2/18/2012,2,2,1,10.75,N,1,y12,2,0
388B,4/1/2013,2,10,1,10.75,N,1,y13,2,0
388B,2/20/2012,2,2,1,10.75,N,1,y12,2,0
388C,2/20/2012,1,1,1,10.75,N,1,y12,0,0
388C,3/30/2013,4,0,1,10.75,N,1,y13,0,0
388C,2/19/2012,2,2,1,10.75,N,1,y12,0,0
388C,3/29/2013,2,0,1,10.75,N,1,y13,0,0
388C,3/31/2013,4,0,1,10.75,N,1,y13,0,0
388C,4/1/2013,2,0,1,10.75,N,1,y13,0,0
388C,2/18/2012,2,2,1,10.75,N,1,y12,0,0
388D,3/31/2013,4,0,1,8.75,N,1,y13,1,0
388D,3/29/2013,2,0,1,8.75,N,1,y13,1,0
388D,2/18/2012,2,2,1,8.75,N,1,y12,1,0
388D,4/1/2013,2,0,1,8.75,N,1,y13,1,0
388D,2/19/2012,2,2,1,8.75,N,1,y12,1,0
388D,3/30/2013,4,0,1,8.75,N,1,y13,1,0
388E,2/19/2012,2,3,1,39,N,1,y12,2,0
388E,2/18/2012,2,3,1,39,N,1,y12,2,0
388E,2/20/2012,2,5,1,39,N,1,y12,2,0
388E,4/1/2013,2,2,1,39,N,1,y13,2,0
388E,3/29/2013,2,0,1,39,N,1,y13,2,0
388E,3/30/2013,4,5,1,39,N,1,y13,2,0
388E,3/31/2013,4,3,1,39,N,1,y13,2,0
388F,2/19/2012,1,1,1,1.25,N,1,y12,1,0
388F,2/18/2012,2,2,1,1.25,N,1,y12,1,0
388F,3/31/2013,4,0,1,1.25,N,1,y13,1,0
388F,4/1/2013,2,0,1,1.25,N,1,y13,1,0
388F,3/30/2013,4,0,1,1.25,N,1,y13,1,0
388F,2/20/2012,1,1,1,1.25,N,1,y12,1,0
388F,3/29/2013,2,0,1,1.25,N,1,y13,1,0
388G,2/20/2012,1,1,1,9.5,N,1,y12,2,0
388G,2/18/2012,2,2,1,9.5,N,1,y12,2,0
388G,4/1/2013,2,8,1,9.5,N,1,y13,2,0
388G,3/29/2013,2,0,1,9.5,N,1,y13,2,0
388G,3/30/2013,4,2,1,9.5,N,1,y13,2,0
388G,3/31/2013,4,1,1,9.5,N,1,y13,2,0
388G,2/19/2012,1,1,1,9.5,N,1,y12,2,0
388H,3/30/2013,4,0,2,53,N,1,y13,0,0
388H,3/31/2013,4,0,2,53,N,1,y13,0,0
388H,4/1/2013,2,0,2,53,N,1,y13,0,0
388H,3/29/2013,2,0,2,53,N,1,y13,0,0
389,3/30/2013,4,3,24,24.1875,N,1,y13,3,0
389,4/1/2013,2,1,24,24.1875,N,1,y13,3,0
389,3/29/2013,2,0,24,24.1875,N,1,y13,3,0
389,3/31/2013,4,1,24,24.1875,N,1,y13,3,0
389A,3/31/2013,4,2,15,46.375,N,1,y13,3,0
389A,4/1/2013,2,8,15,46.375,N,1,y13,3,0
389A,2/20/2012,2,2,15,46.375,N,1,y12,3,0
389A,2/18/2012,2,2,15,46.375,N,1,y12,3,0
389A,2/19/2012,2,2,15,46.375,N,1,y12,3,0
389A,3/29/2013,2,0,15,46.375,N,1,y13,3,0
389A,3/30/2013,4,2,15,46.375,N,1,y13,3,0
389B,2/18/2012,1,1,2,18.625,N,1,y12,2,0
389B,3/31/2013,2,0,2,18.625,N,1,y13,2,0
389B,3/29/2013,2,0,2,18.625,N,1,y13,2,0
389B,2/20/2012,1,1,2,18.625,N,1,y12,2,0
389B,2/19/2012,1,1,2,18.625,N,1,y12,2,0
389B,3/30/2013,4,0,2,18.625,N,1,y13,2,0
389C,3/31/2013,2,0,1,16.25,N,1,y13,1,0
389C,3/30/2013,4,0,1,16.25,N,1,y13,1,0
389C,3/29/2013,2,0,1,16.25,N,1,y13,1,0
390,3/8/2013,4,19,9,61.3125,N,2,y13,0,0
390,6/12/2013,4,59,9,61.3125,N,2,y13,0,0
390,2/28/2013,2,2,9,61.3125,N,2,y13,0,0
390,3/7/2013,2,3,9,61.3125,N,2,y13,0,1
390,3/9/2013,2,24,9,61.3125,N,2,y13,0,0
390,3/10/2013,2,32,9,61.3125,N,2,y13,0,0
390,6/11/2013,2,10,9,61.3125,N,2,y13,0,0
390,6/14/2013,2,20,9,61.3125,N,2,y13,0,0
390,6/13/2013,4,29,9,61.3125,N,2,y13,0,0
391,6/14/2013,2,2,8,79.875,N,2,y13,0,0
391,6/13/2013,4,2,8,79.875,N,2,y13,0,0
391,6/12/2013,4,4,8,79.875,N,2,y13,0,0
391,6/11/2013,2,1,8,79.875,N,2,y13,0,0
391,3/9/2013,2,5,8,79.875,N,2,y13,0,1
391,2/28/2013,2,0,8,79.875,N,2,y13,0,0
391,3/8/2013,4,4,8,79.875,N,2,y13,0,0
391,3/7/2013,2,0,8,79.875,N,2,y13,0,0
391,3/10/2013,2,8,8,79.875,N,2,y13,0,0
392,6/16/2013,3,0,245,0.875,N,2,y13,3,0
392,3/16/2013,6,28,245,0.875,N,2,y13,3,0
392,3/17/2013,3,10,245,0.875,N,2,y13,3,1
392,6/17/2013,3,0,245,0.875,N,2,y13,3,0
392,3/15/2013,6,12,245,0.875,N,2,y13,3,1
392,6/15/2013,3,0,245,0.875,N,2,y13,3,0
392,3/14/2013,3,2,245,0.875,N,2,y13,3,0
393,3/9/2013,2,0,15,94.1875,N,2,y13,2,0
393,6/13/2013,4,59,15,94.1875,N,2,y13,2,0
393,3/17/2013,3,22,15,94.1875,N,2,y13,2,0
393,3/14/2013,3,52,15,94.1875,N,2,y13,2,0
393,3/16/2013,3,17,15,94.1875,N,2,y13,2,0
393,6/12/2013,4,57,15,94.1875,N,2,y13,2,0
393,6/11/2013,2,30,15,94.1875,N,2,y13,2,0
393,3/15/2013,6,102,15,94.1875,N,2,y13,2,0
393,6/14/2013,2,28,15,94.1875,N,2,y13,2,0
4,3/4/2012,18,18,26481,33.625,Y,4,y12,4,0
4,6/5/2013,40,4,26481,33.625,Y,4,y13,4,0
4,3/27/2013,38,0,26481,33.625,Y,4,y13,4,0
4,5/17/2012,16,16,26481,33.625,Y,4,y12,4,0
4,3/28/2013,38,1,26481,33.625,Y,4,y13,4,0
4,5/16/2012,8,8,26481,33.625,Y,4,y12,4,0
4,3/3/2012,9,9,26481,33.625,Y,4,y12,4,0
4,6/6/2013,40,0,26481,33.625,Y,4,y13,4,0
4,5/19/2012,8,8,26481,33.625,Y,4,y12,4,0
4,3/5/2012,18,18,26481,33.625,Y,4,y12,4,0
4,3/26/2013,37,0,26481,33.625,Y,4,y13,4,0
4,5/18/2012,16,16,26481,33.625,Y,4,y12,4,0
4,6/4/2013,20,0,26481,33.625,Y,4,y13,4,0
400,6/18/2013,8,17,1782,0,N,4,y13,1,1
400,5/21/2012,16,22,1782,0,N,4,y12,1,0
400,3/16/2013,16,202,1782,0,N,4,y13,1,0
400,5/20/2012,8,8,1782,0,N,4,y12,1,0
400,2/26/2012,16,104,1782,0,N,4,y12,1,0
400,5/23/2012,8,9,1782,0,N,4,y12,1,0
400,2/25/2012,16,131,1782,0,N,4,y12,1,0
400,3/15/2013,16,186,1782,0,N,4,y13,1,0
400,3/14/2013,8,18,1782,0,N,4,y13,1,1
400,6/17/2013,16,32,1782,0,N,4,y13,1,1
400,6/15/2013,8,16,1782,0,N,4,y13,1,1
400,3/17/2013,8,207,1782,0,N,4,y13,1,0
400,6/16/2013,16,26,1782,0,N,4,y13,1,1
400,2/27/2012,16,108,1782,0,N,4,y12,1,0
400,5/22/2012,16,19,1782,0,N,4,y12,1,0
400A,3/16/2013,12,35,630,1.875,N,3,y13,4,1
400A,6/16/2013,6,4,630,1.875,N,3,y13,4,0
400A,6/18/2013,3,0,630,1.875,N,3,y13,4,0
400A,3/15/2013,12,3,630,1.875,N,3,y13,4,0
400A,3/18/2013,6,19,630,1.875,N,3,y13,4,1
400A,3/17/2013,12,35,630,1.875,N,3,y13,4,1
400A,6/17/2013,6,3,630,1.875,N,3,y13,4,0
400A,6/15/2013,3,0,630,1.875,N,3,y13,4,0
401,2/19/2012,1,5,21,18.1875,N,1,y12,1,0
401,2/20/2012,1,2,21,18.1875,N,1,y12,1,1
401,3/16/2013,2,0,21,18.1875,N,1,y13,1,0
401,3/19/2013,2,0,21,18.1875,N,1,y13,1,0
401,3/9/2013,2,0,21,18.1875,N,1,y13,1,0
402,5/18/2012,8,66,182,20.75,N,4,y12,1,0
402,3/8/2013,8,6,182,20.75,N,4,y13,1,0
402,3/11/2012,8,47,182,20.75,N,4,y12,1,0
402,3/7/2013,4,1,182,20.75,N,4,y13,1,0
402,3/9/2013,8,17,182,20.75,N,4,y13,1,1
402,3/9/2012,4,18,182,20.75,N,4,y12,1,0
402,3/10/2012,8,106,182,20.75,N,4,y12,1,0
402,5/16/2012,4,15,182,20.75,N,4,y12,1,1
402,3/10/2013,4,41,182,20.75,N,4,y13,1,0
402,6/12/2013,8,27,182,20.75,N,4,y13,1,1
402,3/12/2012,4,77,182,20.75,N,4,y12,1,0
402,6/13/2013,8,50,182,20.75,N,4,y13,1,0
402,5/17/2012,8,52,182,20.75,N,4,y12,1,0
402,5/19/2012,4,62,182,20.75,N,4,y12,1,0
402,6/11/2013,4,22,182,20.75,N,4,y13,1,0
402,6/14/2013,4,26,182,20.75,N,4,y13,1,0
403,5/16/2012,5,46,272,6.75,N,4,y12,0,0
403,3/11/2012,10,33,272,6.75,N,4,y12,0,1
403,3/12/2012,6,16,272,6.75,N,4,y12,0,1
403,6/13/2013,10,126,272,6.75,N,4,y13,0,0
403,5/17/2012,10,113,272,6.75,N,4,y12,0,0
403,3/10/2012,10,142,272,6.75,N,4,y12,0,0
403,5/19/2012,5,8,272,6.75,N,4,y12,0,1
403,3/10/2013,5,8,272,6.75,N,4,y13,0,1
403,6/12/2013,10,82,272,6.75,N,4,y13,0,0
403,5/18/2012,10,73,272,6.75,N,4,y12,0,0
403,3/9/2012,5,13,272,6.75,N,4,y12,0,1
403,3/7/2013,6,0,272,6.75,N,4,y13,0,0
403,6/11/2013,5,27,272,6.75,N,4,y13,0,0
403,3/9/2013,10,2,272,6.75,N,4,y13,0,0
403,3/8/2013,10,0,272,6.75,N,4,y13,0,0
403,6/14/2013,5,56,272,6.75,N,4,y13,0,0
404,3/17/2013,2,21,40,0.125,N,3,y13,2,0
404,2/27/2012,2,30,40,0.125,N,3,y12,2,0
404,5/20/2012,2,8,40,0.125,N,3,y12,2,0
404,3/15/2013,4,91,40,0.125,N,3,y13,2,0
404,6/16/2013,4,2,40,0.125,N,3,y13,2,0
404,5/22/2012,4,8,40,0.125,N,3,y12,2,1
404,2/25/2012,4,7,40,0.125,N,3,y12,2,1
404,6/15/2013,2,2,40,0.125,N,3,y13,2,0
404,6/18/2013,2,1,40,0.125,N,3,y13,2,0
404,6/17/2013,4,3,40,0.125,N,3,y13,2,0
404,2/24/2012,2,9,40,0.125,N,3,y12,2,0
404,5/23/2012,2,4,40,0.125,N,3,y12,2,1
404,2/26/2012,4,23,40,0.125,N,3,y12,2,0
404,5/21/2012,4,6,40,0.125,N,3,y12,2,1
404,3/14/2013,2,6,40,0.125,N,3,y13,2,1
404,3/16/2013,4,68,40,0.125,N,3,y13,2,0
407,5/14/2012,2,5,63,85.875,N,3,y12,1,1
407,2/18/2012,6,12,63,85.875,N,3,y12,1,1
407,5/12/2012,5,25,63,85.875,N,3,y12,1,0
407,5/13/2012,4,9,63,85.875,N,3,y12,1,1
407,2/20/2012,6,31,63,85.875,N,3,y12,1,0
407,5/23/2013,3,17,63,85.875,N,3,y13,1,0
407,5/24/2013,6,34,63,85.875,N,3,y13,1,0
407,5/26/2013,3,16,63,85.875,N,3,y13,1,0
407,5/25/2013,6,23,63,85.875,N,3,y13,1,1
407,2/19/2012,6,22,63,85.875,N,3,y12,1,1
407,3/26/2013,3,8,63,85.875,N,3,y13,1,1
407,3/27/2013,6,26,63,85.875,N,3,y13,1,0
407,3/29/2013,3,30,63,85.875,N,3,y13,1,0
407,5/11/2012,3,7,63,85.875,N,3,y12,1,1
407,3/28/2013,6,24,63,85.875,N,3,y13,1,0
408,3/11/2012,8,63,104,8.6875,N,3,y12,4,0
408,3/28/2013,8,45,104,8.6875,N,3,y13,4,0
408,6/4/2013,8,31,104,8.6875,N,3,y13,4,1
408,5/16/2012,4,4,104,8.6875,N,3,y12,4,0
408,3/27/2013,8,60,104,8.6875,N,3,y13,4,0
408,3/9/2012,4,13,104,8.6875,N,3,y12,4,1
408,5/18/2012,8,20,104,8.6875,N,3,y12,4,1
408,5/17/2012,8,16,104,8.6875,N,3,y12,4,1
408,3/12/2012,4,43,104,8.6875,N,3,y12,4,0
408,5/19/2012,4,7,104,8.6875,N,3,y12,4,1
408,6/3/2013,4,6,104,8.6875,N,3,y13,4,1
408,3/26/2013,8,52,104,8.6875,N,3,y13,4,0
408,6/6/2013,4,17,104,8.6875,N,3,y13,4,0
408,6/5/2013,8,22,104,8.6875,N,3,y13,4,1
408,3/10/2012,8,61,104,8.6875,N,3,y12,4,0
409,5/22/2012,10,83,289,35.3125,N,4,y12,3,0
409,5/20/2012,5,50,289,35.3125,N,4,y12,3,0
409,2/25/2012,10,82,289,35.3125,N,4,y12,3,0
409,6/15/2013,5,35,289,35.3125,N,4,y13,3,0
409,3/16/2013,10,51,289,35.3125,N,4,y13,3,0
409,5/23/2012,5,96,289,35.3125,N,4,y12,3,0
409,3/17/2013,5,24,289,35.3125,N,4,y13,3,0
409,3/14/2013,5,4,289,35.3125,N,4,y13,3,0
409,5/21/2012,10,134,289,35.3125,N,4,y12,3,0
409,2/27/2012,5,92,289,35.3125,N,4,y12,3,0
409,2/24/2012,5,17,289,35.3125,N,4,y12,3,1
409,6/17/2013,10,43,289,35.3125,N,4,y13,3,0
409,6/16/2013,10,50,289,35.3125,N,4,y13,3,0
409,2/26/2012,10,119,289,35.3125,N,4,y12,3,0
409,6/18/2013,5,8,289,35.3125,N,4,y13,3,1
409,3/15/2013,10,35,289,35.3125,N,4,y13,3,1
410,6/18/2013,4,2,180,0,N,3,y13,2,0
410,2/26/2012,8,62,180,0,N,3,y12,2,0
410,3/16/2013,8,52,180,0,N,3,y13,2,0
410,5/22/2012,6,23,180,0,N,3,y12,2,1
410,6/17/2013,8,4,180,0,N,3,y13,2,0
410,6/15/2013,4,2,180,0,N,3,y13,2,0
410,2/24/2012,4,4,180,0,N,3,y12,2,0
410,5/20/2012,3,6,180,0,N,3,y12,2,1
410,2/25/2012,8,62,180,0,N,3,y12,2,0
410,2/27/2012,4,40,180,0,N,3,y12,2,0
410,5/21/2012,6,18,180,0,N,3,y12,2,1
410,6/16/2013,8,3,180,0,N,3,y13,2,0
410,3/15/2013,8,50,180,0,N,3,y13,2,0
410,3/17/2013,4,31,180,0,N,3,y13,2,0
410,5/23/2012,3,10,180,0,N,3,y12,2,1
410,3/14/2013,4,4,180,0,N,3,y13,2,0
411,5/12/2012,2,30,14,37.5625,N,1,y12,1,0
411,3/28/2013,2,0,14,37.5625,N,1,y13,1,0
411,5/11/2012,2,53,14,37.5625,N,1,y12,1,0
411,3/27/2013,2,0,14,37.5625,N,1,y13,1,0
411,5/25/2013,2,46,14,37.5625,N,1,y13,1,0
411,5/13/2012,2,15,14,37.5625,N,1,y12,1,0
411,5/24/2013,2,84,14,37.5625,N,1,y13,1,0
411,5/23/2013,2,4,14,37.5625,N,1,y13,1,1
411,3/29/2013,2,11,14,37.5625,N,1,y13,1,0
412,5/13/2012,2,16,12,70.375,N,1,y12,2,0
412,3/28/2013,2,0,12,70.375,N,1,y13,2,0
412,5/25/2013,2,4,12,70.375,N,1,y13,2,1
412,5/12/2012,2,13,12,70.375,N,1,y12,2,0
412,5/24/2013,2,0,12,70.375,N,1,y13,2,0
412,3/29/2013,2,10,12,70.375,N,1,y13,2,0
412,5/23/2013,2,0,12,70.375,N,1,y13,2,0
412,5/11/2012,2,22,12,70.375,N,1,y12,2,0
412,3/31/2013,2,300,12,70.375,N,1,y13,2,0
413,6/17/2013,4,1,54,3.5,N,2,y13,2,0
413,6/15/2013,2,5,54,3.5,N,2,y13,2,1
413,3/15/2013,4,11,54,3.5,N,2,y13,2,1
413,6/18/2013,2,1,54,3.5,N,2,y13,2,0
413,3/16/2013,4,6,54,3.5,N,2,y13,2,1
413,3/14/2013,2,5,54,3.5,N,2,y13,2,1
413,6/16/2013,4,4,54,3.5,N,2,y13,2,0
413,3/17/2013,2,7,54,3.5,N,2,y13,2,1
414,6/17/2013,6,2,112,0,N,2,y13,1,0
414,3/14/2013,3,5,112,0,N,2,y13,1,1
414,3/15/2013,6,36,112,0,N,2,y13,1,0
414,3/17/2013,3,18,112,0,N,2,y13,1,0
414,6/15/2013,3,0,112,0,N,2,y13,1,0
414,3/16/2013,6,35,112,0,N,2,y13,1,0
414,6/18/2013,3,1,112,0,N,2,y13,1,0
414,6/16/2013,6,1,112,0,N,2,y13,1,0
416,3/9/2013,2,0,6,40.5,N,1,y13,1,0
416,6/5/2013,2,22,6,40.5,N,1,y13,1,0
416,6/6/2013,2,36,6,40.5,N,1,y13,1,0
416,3/15/2013,2,0,6,40.5,N,1,y13,1,0
416,3/14/2013,2,91,6,40.5,N,1,y13,1,0
416,6/4/2013,2,63,6,40.5,N,1,y13,1,0
417,6/11/2013,2,4,34,88.9375,N,1,y13,1,1
417,3/15/2013,2,0,34,88.9375,N,1,y13,1,0
417,6/12/2013,4,13,34,88.9375,N,1,y13,1,1
417,6/13/2013,4,10,34,88.9375,N,1,y13,1,1
417,3/9/2013,2,5,34,88.9375,N,1,y13,1,1
417,6/14/2013,2,6,34,88.9375,N,1,y13,1,1
417,3/14/2013,2,6,34,88.9375,N,1,y13,1,1
417A,6/5/2013,2,20,6,55.6875,N,1,y13,1,0
417A,6/6/2013,2,5,6,55.6875,N,1,y13,1,1
417A,3/14/2013,2,0,6,55.6875,N,1,y13,1,0
417A,6/4/2013,2,3,6,55.6875,N,1,y13,1,1
417A,3/9/2013,2,1,6,55.6875,N,1,y13,1,0
417A,3/15/2013,2,0,6,55.6875,N,1,y13,1,0
418,3/9/2013,4,1,4,73.75,N,2,y13,1,0
418,3/10/2013,2,23,4,73.75,N,2,y13,1,0
418,3/8/2013,4,1,4,73.75,N,2,y13,1,0
418,6/2/2013,4,1,4,73.75,N,2,y13,1,0
418,5/31/2013,2,0,4,73.75,N,2,y13,1,0
418,6/1/2013,4,6,4,73.75,N,2,y13,1,0
418,3/7/2013,2,0,4,73.75,N,2,y13,1,0
419,3/9/2013,6,28,66,48.8125,N,3,y13,2,0
419,6/1/2013,6,28,66,48.8125,N,3,y13,2,0
419,3/10/2013,2,63,66,48.8125,N,3,y13,2,0
419,3/7/2013,3,1,66,48.8125,N,3,y13,2,0
419,6/3/2013,3,10,66,48.8125,N,3,y13,2,1
419,3/8/2013,4,22,66,48.8125,N,3,y13,2,0
419,5/31/2013,3,6,66,48.8125,N,3,y13,2,1
419,6/2/2013,6,226,66,48.8125,N,3,y13,2,0
420,3/8/2013,6,39,56,67.1875,N,4,y13,2,0
420,3/9/2013,6,42,56,67.1875,N,4,y13,2,0
420,6/1/2013,6,53,56,67.1875,N,4,y13,2,0
420,5/31/2013,3,19,56,67.1875,N,4,y13,2,0
420,3/10/2013,3,81,56,67.1875,N,4,y13,2,0
420,6/3/2013,3,69,56,67.1875,N,4,y13,2,0
420,3/7/2013,4,4,56,67.1875,N,4,y13,2,0
420,6/2/2013,6,98,56,67.1875,N,4,y13,2,0
421,6/12/2013,2,0,16,75,N,1,y13,0,0
421,3/9/2013,3,5,16,75,N,1,y13,0,1
421,6/13/2013,2,0,16,75,N,1,y13,0,0
421,3/8/2013,4,2,16,75,N,1,y13,0,0
421,3/7/2013,2,0,16,75,N,1,y13,0,0
421,3/10/2013,1,11,16,75,N,1,y13,0,0
422,3/7/2013,2,0,9,51.625,N,1,y13,0,0
422,6/11/2013,2,8,9,51.625,N,1,y13,0,0
422,3/8/2013,2,0,9,51.625,N,1,y13,0,0
422,6/12/2013,2,0,9,51.625,N,1,y13,0,0
422,3/9/2013,2,0,9,51.625,N,1,y13,0,0
422,6/13/2013,2,26,9,51.625,N,1,y13,0,0
423,6/13/2013,4,29,117,21.5625,N,2,y13,0,0
423,6/14/2013,2,31,117,21.5625,N,2,y13,0,0
423,6/11/2013,2,0,117,21.5625,N,2,y13,0,0
423,3/29/2013,6,60,117,21.5625,N,2,y13,0,0
423,6/12/2013,4,10,117,21.5625,N,2,y13,0,1
423,3/30/2013,3,11,117,21.5625,N,2,y13,0,1
423,3/27/2013,3,50,117,21.5625,N,2,y13,0,0
423,3/28/2013,6,92,117,21.5625,N,2,y13,0,0
57,3/11/2012,8,25,306,76,N,4,y12,1,1
57,5/19/2012,4,5,306,76,N,4,y12,1,0
57,5/28/2013,10,4,306,76,N,4,y13,1,0
57,5/18/2012,8,17,306,76,N,4,y12,1,1
57,5/16/2012,4,4,306,76,N,4,y12,1,0
57,5/29/2013,10,2,306,76,N,4,y13,1,0
57,3/10/2012,8,28,306,76,N,4,y12,1,1
57,5/30/2013,10,1,306,76,N,4,y13,1,0
57,3/12/2012,4,18,306,76,N,4,y12,1,0
57,5/17/2012,8,18,306,76,N,4,y12,1,1
57,3/21/2013,5,1,306,76,N,4,y13,1,0
57,3/18/2013,5,3,306,76,N,4,y13,1,0
57,3/9/2012,4,5,306,76,N,4,y12,1,0
57,3/20/2013,10,6,306,76,N,4,y13,1,0
57,3/19/2013,10,9,306,76,N,4,y13,1,0
58,3/29/2013,4,5,511,48.4375,N,3,y13,4,0
58,2/20/2012,8,38,511,48.4375,N,3,y12,4,0
58,3/30/2013,8,33,511,48.4375,N,3,y13,4,0
58,2/19/2012,8,39,511,48.4375,N,3,y12,4,0
58,6/3/2013,3,1,511,48.4375,N,3,y13,4,0
58,6/2/2013,6,24,511,48.4375,N,3,y13,4,0
58,3/31/2013,8,26,511,48.4375,N,3,y13,4,1
58,6/1/2013,6,6,511,48.4375,N,3,y13,4,0
58,2/18/2012,8,35,511,48.4375,N,3,y12,4,0
58,5/31/2013,3,9,511,48.4375,N,3,y13,4,1
58,4/1/2013,4,39,511,48.4375,N,3,y13,4,0
61,5/16/2012,3,5,240,79.125,Y,3,y12,1,1
61,3/3/2012,10,35,240,79.125,Y,3,y12,1,1
61,5/28/2013,10,6,240,79.125,Y,3,y13,1,0
61,5/29/2013,10,1,240,79.125,Y,3,y13,1,0
61,3/28/2013,10,6,240,79.125,Y,3,y13,1,0
61,3/5/2012,5,22,240,79.125,Y,3,y12,1,0
61,5/19/2012,3,20,240,79.125,Y,3,y12,1,0
61,3/4/2012,10,20,240,79.125,Y,3,y12,1,1
61,5/30/2013,10,1,240,79.125,Y,3,y13,1,0
61,5/18/2012,6,27,240,79.125,Y,3,y12,1,0
61,3/26/2013,10,1,240,79.125,Y,3,y13,1,0
61,3/2/2012,10,17,240,79.125,Y,3,y12,1,1
61,3/27/2013,10,6,240,79.125,Y,3,y13,1,0
61,5/17/2012,6,31,240,79.125,Y,3,y12,1,0
63,5/30/2013,40,3,4545,34.75,Y,4,y13,4,0
63,3/26/2013,40,0,4545,34.75,Y,4,y13,4,0
63,3/12/2012,20,20,4545,34.75,Y,4,y12,4,0
63,5/28/2012,20,29,4545,34.75,Y,4,y12,4,0
63,3/27/2013,40,0,4545,34.75,Y,4,y13,4,0
63,3/9/2012,20,21,4545,34.75,Y,4,y12,4,0
63,5/29/2013,40,3,4545,34.75,Y,4,y13,4,0
63,5/28/2013,40,0,4545,34.75,Y,4,y13,4,0
63,3/11/2012,40,40,4545,34.75,Y,4,y12,4,0
63,3/28/2013,40,2,4545,34.75,Y,4,y13,4,0
63,5/26/2012,40,55,4545,34.75,Y,4,y12,4,0
63,5/25/2012,20,29,4545,34.75,Y,4,y12,4,0
63,3/10/2012,40,41,4545,34.75,Y,4,y12,4,0
63,5/27/2012,40,55,4545,34.75,Y,4,y12,4,0
64,5/28/2012,7,10,2009,55.3125,Y,4,y12,6,0
64,5/26/2013,8,0,2009,55.3125,Y,4,y13,6,0
64,5/25/2013,16,1,2009,55.3125,Y,4,y13,6,0
64,3/3/2012,14,18,2009,55.3125,Y,4,y12,6,0
64,3/4/2012,14,17,2009,55.3125,Y,4,y12,6,0
64,5/24/2013,16,1,2009,55.3125,Y,4,y13,6,0
64,5/23/2013,8,1,2009,55.3125,Y,4,y13,6,0
64,3/10/2013,8,9,2009,55.3125,Y,4,y13,6,0
64,5/26/2012,14,23,2009,55.3125,Y,4,y12,6,1
64,3/9/2013,16,1,2009,55.3125,Y,4,y13,6,0
64,3/8/2013,16,2,2009,55.3125,Y,4,y13,6,0
64,5/25/2012,7,11,2009,55.3125,Y,4,y12,6,1
64,3/7/2013,8,1,2009,55.3125,Y,4,y13,6,0
64,3/5/2012,14,15,2009,55.3125,Y,4,y12,6,0
64,5/27/2012,14,17,2009,55.3125,Y,4,y12,6,0
64A,3/9/2013,8,16,104,79.1875,N,3,y13,2,1
64A,3/5/2012,5,15,104,79.1875,N,3,y12,2,1
64A,3/8/2013,4,4,104,79.1875,N,3,y13,2,0
64A,5/26/2013,3,47,104,79.1875,N,3,y13,2,0
64A,3/10/2013,4,45,104,79.1875,N,3,y13,2,0
64A,5/26/2012,5,15,104,79.1875,N,3,y12,2,1
64A,3/4/2012,5,16,104,79.1875,N,3,y12,2,1
64A,3/7/2013,3,3,104,79.1875,N,3,y13,2,0
64A,3/3/2012,5,31,104,79.1875,N,3,y12,2,0
64A,5/25/2013,6,108,104,79.1875,N,3,y13,2,0
64A,5/27/2012,5,8,104,79.1875,N,3,y12,2,1
64A,5/25/2012,5,8,104,79.1875,N,3,y12,2,1
64A,5/24/2013,6,129,104,79.1875,N,3,y13,2,0
64A,5/23/2013,3,26,104,79.1875,N,3,y13,2,0
66,3/16/2013,16,404,1817,11,N,4,y13,2,0
66,3/14/2013,8,28,1817,11,N,4,y13,2,1
66,3/15/2013,16,288,1817,11,N,4,y13,2,0
66,3/5/2012,16,159,1817,11,N,4,y12,2,0
66,3/17/2013,8,335,1817,11,N,4,y13,2,0
66,5/20/2012,8,23,1817,11,N,4,y12,2,1
66,5/22/2012,16,42,1817,11,N,4,y12,2,1
66,6/11/2013,8,19,1817,11,N,4,y13,2,1
66,6/13/2013,16,35,1817,11,N,4,y13,2,1
66,3/4/2012,16,118,1817,11,N,4,y12,2,0
66,6/14/2013,8,36,1817,11,N,4,y13,2,0
66,6/12/2013,16,50,1817,11,N,4,y13,2,1
66,5/21/2012,16,38,1817,11,N,4,y12,2,1
66,3/3/2012,16,119,1817,11,N,4,y12,2,0
66,5/23/2012,8,19,1817,11,N,4,y12,2,1
68,3/9/2012,20,20,15000,33.5,Y,4,y12,5,0
68,3/26/2013,40,1,15000,33.5,Y,4,y13,5,0
68,6/6/2013,20,4,15000,33.5,Y,4,y13,5,0
68,3/12/2012,20,21,15000,33.5,Y,4,y12,5,0
68,3/27/2013,40,0,15000,33.5,Y,4,y13,5,0
68,6/3/2013,20,0,15000,33.5,Y,4,y13,5,0
68,3/28/2013,40,0,15000,33.5,Y,4,y13,5,0
68,6/4/2013,40,7,15000,33.5,Y,4,y13,5,0
68,6/5/2013,40,2,15000,33.5,Y,4,y13,5,0
68,5/26/2012,39,39,15000,33.5,Y,4,y12,5,0
68,5/28/2012,20,25,15000,33.5,Y,4,y12,5,0
68,5/25/2012,20,21,15000,33.5,Y,4,y12,5,0
68,3/11/2012,40,44,15000,33.5,Y,4,y12,5,0
68,5/27/2012,40,42,15000,33.5,Y,4,y12,5,0
68,3/10/2012,40,45,15000,33.5,Y,4,y12,5,0
7,5/22/2012,12,1045,5076,17.25,Y,3,y12,1,0
7,5/28/2013,3,205,5076,17.25,Y,3,y13,1,0
7,3/28/2013,40,20,5076,17.25,Y,3,y13,1,0
7,2/25/2012,14,37,5076,17.25,Y,3,y12,1,0
7,3/26/2013,20,3,5076,17.25,Y,3,y13,1,0
7,2/26/2012,14,29,5076,17.25,Y,3,y12,1,0
7,5/21/2012,12,945,5076,17.25,Y,3,y12,1,0
7,3/29/2013,17,21,5076,17.25,Y,3,y13,1,0
7,3/27/2013,40,8,5076,17.25,Y,3,y13,1,0
7,5/30/2013,2,447,5076,17.25,Y,3,y13,1,0
7,5/23/2012,6,794,5076,17.25,Y,3,y12,1,0
7,5/20/2012,6,342,5076,17.25,Y,3,y12,1,0
7,5/29/2013,3,155,5076,17.25,Y,3,y13,1,0
7,2/27/2012,14,33,5076,17.25,Y,3,y12,1,0
71,3/10/2013,5,138,320,57.625,N,4,y13,4,0
71,3/3/2012,12,37,320,57.625,N,4,y12,4,1
71,5/25/2013,10,62,320,57.625,N,4,y13,4,0
71,5/26/2012,10,140,320,57.625,N,4,y12,4,0
71,3/4/2012,12,68,320,57.625,N,4,y12,4,0
71,3/8/2013,10,88,320,57.625,N,4,y13,4,0
71,5/25/2012,5,15,320,57.625,N,4,y12,4,1
71,5/23/2013,5,11,320,57.625,N,4,y13,4,1
71,3/9/2013,10,167,320,57.625,N,4,y13,4,0
71,5/24/2013,10,65,320,57.625,N,4,y13,4,0
71,5/27/2012,10,95,320,57.625,N,4,y12,4,0
71,5/26/2013,5,29,320,57.625,N,4,y13,4,0
71,5/28/2012,5,62,320,57.625,N,4,y12,4,0
71,3/5/2012,12,70,320,57.625,N,4,y12,4,0
71,3/7/2013,6,4,320,57.625,N,4,y13,4,0
72,4/1/2013,4,2,240,74,Y,4,y13,3,0
72,3/30/2013,8,0,240,74,Y,4,y13,3,0
72,5/24/2013,10,43,240,74,Y,4,y13,3,0
72,2/18/2012,8,8,240,74,Y,4,y12,3,0
72,2/19/2012,8,8,240,74,Y,4,y12,3,0
72,5/26/2013,5,38,240,74,Y,4,y13,3,0
72,3/31/2013,8,4,240,74,Y,4,y13,3,0
72,5/14/2012,4,8,240,74,Y,4,y12,3,1
72,5/12/2012,8,8,240,74,Y,4,y12,3,0
72,5/13/2012,8,8,240,74,Y,4,y12,3,0
72,3/29/2013,4,0,240,74,Y,4,y13,3,0
72,2/20/2012,8,8,240,74,Y,4,y12,3,0
72,5/23/2013,5,8,240,74,Y,4,y13,3,1
72,5/25/2013,10,81,240,74,Y,4,y13,3,0
72,5/11/2012,4,6,240,74,Y,4,y12,3,1
73,5/27/2012,14,32,756,64.125,N,4,y12,3,1
73,6/2/2013,12,101,756,64.125,N,4,y13,3,0
73,5/31/2013,6,36,756,64.125,N,4,y13,3,0
73,2/19/2012,14,18,756,64.125,N,4,y12,3,0
73,3/29/2013,7,225,756,64.125,N,4,y13,3,0
73,6/1/2013,12,198,756,64.125,N,4,y13,3,0
73,4/1/2013,7,3,756,64.125,N,4,y13,3,0
73,5/25/2012,7,12,756,64.125,N,4,y12,3,1
73,5/26/2012,13,35,756,64.125,N,4,y12,3,1
73,6/3/2013,6,65,756,64.125,N,4,y13,3,0
73,5/28/2012,7,25,756,64.125,N,4,y12,3,1
73,3/30/2013,14,4,756,64.125,N,4,y13,3,0
73,3/31/2013,14,4,756,64.125,N,4,y13,3,0
73,2/18/2012,14,21,756,64.125,N,4,y12,3,1
73,2/20/2012,14,27,756,64.125,N,4,y12,3,1
8,3/2/2012,7,48,1950,52.25,N,4,y12,2,0
8,3/14/2013,8,7,1950,52.25,N,4,y13,2,0
8,5/20/2012,7,59,1950,52.25,N,4,y12,2,0
8,5/23/2012,7,83,1950,52.25,N,4,y12,2,0
8,5/21/2012,14,246,1950,52.25,N,4,y12,2,0
8,3/3/2012,14,307,1950,52.25,N,4,y12,2,0
8,6/12/2013,16,197,1950,52.25,N,4,y13,2,0
8,6/11/2013,8,148,1950,52.25,N,4,y13,2,0
8,3/17/2013,8,148,1950,52.25,N,4,y13,2,0
8,6/13/2013,16,209,1950,52.25,N,4,y13,2,0
8,3/5/2012,7,129,1950,52.25,N,4,y12,2,0
8,3/15/2013,16,367,1950,52.25,N,4,y13,2,0
8,3/4/2012,14,155,1950,52.25,N,4,y12,2,0
8,5/22/2012,14,139,1950,52.25,N,4,y12,2,0
8,6/14/2013,8,79,1950,52.25,N,4,y13,2,0
8,3/16/2013,16,302,1950,52.25,N,4,y13,2,0
82,6/14/2013,7,91,650,62.3125,N,4,y13,3,0
82,6/13/2013,14,241,650,62.3125,N,4,y13,3,0
82,6/12/2013,14,251,650,62.3125,N,4,y13,3,0
82,5/21/2012,14,151,650,62.3125,N,4,y12,3,0
82,3/14/2013,6,2,650,62.3125,N,4,y13,3,0
82,3/3/2012,14,98,650,62.3125,N,4,y12,3,0
82,6/11/2013,7,144,650,62.3125,N,4,y13,3,0
82,3/16/2013,12,42,650,62.3125,N,4,y13,3,1
82,5/20/2012,7,63,650,62.3125,N,4,y12,3,0
82,3/15/2013,12,24,650,62.3125,N,4,y13,3,1
82,5/23/2012,7,86,650,62.3125,N,4,y12,3,0
82,3/17/2013,6,59,650,62.3125,N,4,y13,3,0
82,3/5/2012,14,166,650,62.3125,N,4,y12,3,0
82,5/22/2012,14,171,650,62.3125,N,4,y12,3,0
82,3/4/2012,2,71,650,62.3125,N,4,y12,3,0
83,5/22/2012,12,59,850,42.8125,N,4,y12,3,0
83,6/12/2013,14,61,850,42.8125,N,4,y13,3,0
83,3/3/2012,14,30,850,42.8125,N,4,y12,3,1
83,3/2/2012,7,7,850,42.8125,N,4,y12,3,0
83,5/23/2012,6,34,850,42.8125,N,4,y12,3,0
83,6/11/2013,7,22,850,42.8125,N,4,y13,3,1
83,3/14/2013,7,0,850,42.8125,N,4,y13,3,0
83,3/15/2013,14,24,850,42.8125,N,4,y13,3,1
83,5/21/2012,12,47,850,42.8125,N,4,y12,3,1
83,3/16/2013,14,43,850,42.8125,N,4,y13,3,1
83,6/14/2013,7,35,850,42.8125,N,4,y13,3,0
83,3/5/2012,7,49,850,42.8125,N,4,y12,3,0
83,5/20/2012,5,28,850,42.8125,N,4,y12,3,0
83,6/13/2013,14,56,850,42.8125,N,4,y13,3,0
83,3/17/2013,7,8,850,42.8125,N,4,y13,3,0
83,3/4/2012,14,54,850,42.8125,N,4,y12,3,1
83A,3/4/2012,1,1,49,64.5,N,2,y12,1,0
83A,3/14/2013,2,0,49,64.5,N,2,y13,1,0
83A,6/13/2013,2,20,49,64.5,N,2,y13,1,0
83A,3/3/2012,1,1,49,64.5,N,2,y12,1,0
83A,6/11/2013,2,43,49,64.5,N,2,y13,1,0
83A,3/15/2013,2,0,49,64.5,N,2,y13,1,0
83A,3/9/2013,2,0,49,64.5,N,2,y13,1,0
83A,6/12/2013,2,30,49,64.5,N,2,y13,1,0
83A,3/2/2012,1,1,49,64.5,N,2,y12,1,0
84,3/5/2012,14,16,1400,39.9375,Y,4,y12,3,0
84,3/4/2012,14,17,1400,39.9375,Y,4,y12,3,0
84,5/22/2012,14,241,1400,39.9375,Y,4,y12,3,0
84,5/20/2012,7,51,1400,39.9375,Y,4,y12,3,0
84,3/15/2013,14,9,1400,39.9375,Y,4,y13,3,0
84,3/3/2012,14,19,1400,39.9375,Y,4,y12,3,0
84,5/23/2012,7,159,1400,39.9375,Y,4,y12,3,0
84,5/21/2012,14,267,1400,39.9375,Y,4,y12,3,0
84,6/14/2013,7,18,1400,39.9375,Y,4,y13,3,1
84,3/14/2013,7,0,1400,39.9375,Y,4,y13,3,0
84,3/17/2013,7,7,1400,39.9375,Y,4,y13,3,0
84,6/11/2013,7,8,1400,39.9375,Y,4,y13,3,0
84,6/12/2013,14,24,1400,39.9375,Y,4,y13,3,1
84,3/16/2013,14,10,1400,39.9375,Y,4,y13,3,0
84,6/13/2013,14,28,1400,39.9375,Y,4,y13,3,1
87,3/28/2013,12,23,650,48.9375,N,4,y13,4,1
87,5/23/2013,6,7,650,48.9375,N,4,y13,4,0
87,5/14/2012,6,29,650,48.9375,N,4,y12,4,0
87,2/20/2012,12,62,650,48.9375,N,4,y12,4,0
87,3/27/2013,6,0,650,48.9375,N,4,y13,4,0
87,5/13/2012,12,37,650,48.9375,N,4,y12,4,1
87,2/19/2012,12,63,650,48.9375,N,4,y12,4,0
87,5/12/2012,12,62,650,48.9375,N,4,y12,4,0
87,3/29/2013,12,20,650,48.9375,N,4,y13,4,1
87,5/24/2013,12,35,650,48.9375,N,4,y13,4,1
87,5/26/2013,6,4,650,48.9375,N,4,y13,4,0
87,5/25/2013,12,21,650,48.9375,N,4,y13,4,1
87,5/11/2012,6,32,650,48.9375,N,4,y12,4,0
87,3/30/2013,6,19,650,48.9375,N,4,y13,4,1
87,2/18/2012,12,72,650,48.9375,N,4,y12,4,0
9,3/31/2013,18,1,5400,31.75,Y,4,y13,3,0
9,5/25/2013,18,1,5400,31.75,Y,4,y13,3,0
9,5/26/2013,9,0,5400,31.75,Y,4,y13,3,0
9,2/18/2012,18,27,5400,31.75,Y,4,y12,3,0
9,5/25/2012,9,9,5400,31.75,Y,4,y12,3,0
9,3/29/2013,9,2,5400,31.75,Y,4,y13,3,0
9,5/26/2012,18,20,5400,31.75,Y,4,y12,3,0
9,4/1/2013,9,0,5400,31.75,Y,4,y13,3,0
9,2/19/2012,18,25,5400,31.75,Y,4,y12,3,0
9,5/24/2013,18,3,5400,31.75,Y,4,y13,3,0
9,5/27/2012,18,18,5400,31.75,Y,4,y12,3,0
9,2/20/2012,18,28,5400,31.75,Y,4,y12,3,0
9,3/30/2013,18,2,5400,31.75,Y,4,y13,3,0
9,5/23/2013,9,0,5400,31.75,Y,4,y13,3,0
T74,3/30/2013,4,0,16,25,N,2,y13,0,0
T74,3/29/2013,2,0,16,25,N,2,y13,0,0
T74,5/24/2013,4,0,16,25,N,2,y13,0,0
T74,4/1/2013,2,0,16,25,N,2,y13,0,0
T74,5/23/2013,2,0,16,25,N,2,y13,0,0
T74,5/25/2013,3,0,16,25,N,2,y13,0,0
T74,3/31/2013,4,1,16,25,N,2,y13,0,0
